nombre,apellidos,apodo
aaron,abad,aaad
abas,abaldo,abdo
abbie,abarca,abca
abby,abbott,abtt
abdul,abbruscato,abto
abel,abdias,abas
abelardo,abel,abel
abelrai,abigail,abil
abigail,abito,abto
abisara,abogada,abda
abogada,abogado,abdo
abogados,aboud,abud
abraham,abouon,abon
abrey,abraham,abam
abril,abramo,abmo
achille,abrams,acms
adam,abramyan,adan
adamn,acairol,adol
adams,acevedo,addo
adan,acosta,adta
adar,acra,adra
adel,adair,adir
adele,adam,adam
aden,adames,ades
adi,adams,adms
adimarys,adara,adra
adolfo,addis,adis
adria,adela,adla
adrian,adellano,adno
adriana,adrian,adan
adriane,adriana,adna
adriann,aella,adla
adrianni,agass,adss
adriano,agin,adin
adrianus,aguilar,adar
adrien,aguilera,adra
adrienne,ahaa,adaa
afrim,ahearn,afrn
agathe,ahmad,agad
aggie,ahmed,aged
agnes,ahner,ager
agnieszka,ahrens,agns
agostina,aida,agda
aguilar,ailloud,agud
agustin,airbnb,agnb
ahlam,aistara,ahra
ahmay,aistars,ahrs
ahmed,ait,ahit
aida,akavova,aiva
aide,alain,aiin
aiden,alama,aima
aileen,alan,aian
ailyn,alana,aina
aime,alanis,aiis
aimee,alarcón,aión
airnbn,alavi,aivi
aisha,alba,aiba
akhil,albano,akno
aki,albarran,akan
akiko,alberto,akto
alaeddin,albin,alin
alain,albiter,aler
alan,alcalde,alde
alana,alcantar,alar
alanna,alcapone,alne
alannah,aldana,alna
alayne,alegria,alia
alba,alegrias,alas
albañil,alejandra,alra
albert,alejandro,alro
alberto,alekeeva,alva
albina,alengria,alia
aldo,alevizos,alos
aldryn,alex,alex
ale,alexander,aler
alec,alexandra,alra
aleena,alfond,alnd
alegario,alger,aler
alejandra,alhondo,aldo
alejandro,aliya,alya
aleksandra,all,alll
aleman,allen,alen
alena,allison,alon
aleshia,allum,alum
alessandra,ally,ally
alessandro,alma,alma
aleta,almonte,alte
alethia,aloisio,alio
aletia,alonso,also
alex,alp,allp
alexa,alper,aler
alexander,alpert,alrt
alexandra,altamirano,alno
alexandre,altman,alan
alexandrea,alvarado,aldo
alexi,alvarez,alez
alexia,alverà,alrà
alexis,alzner,aler
aleyda,ama,alma
alfonso,amadea,alea
alfonzo,amansala,alla
alfred,amansala2,ala2
alfredo,amarainy,alny
alia,amaro,alro
alice,ambraisse,alse
alicen,amedeo,aleo
alicia,amigos,alos
alida,amin,alin
alie,aminoisharei,alei
alina,amiralai,alai
aline,amorim,alim
alisa,ampudia,alia
alison,amra,alra
alissa,ana,alna
alix,anand,alnd
alixandra,and,alnd
aliya,andemariam,alam
aliyah,andersen,alen
aliz,anderson,alon
aliza,andra,alra
all,andrade,alde
allan,andrea,alea
allen,andree,alee
allesandro,andres,ales
allesdandro,andrew,alew
allie,andrews,alws
allina,andsaldi,aldi
allison,anguera,alra
ally,angulo,allo
allyn,angus,alus
allyson,anja,alja
alma,ann,alnn
almadelia,anna,alna
alna,annabel,alel
alon,annie,alie
alona,annitto,alto
alondra,annka,alka
alonso,anonymous,alus
alosnos,ansel,alel
altilano,ansley,aley
aluaro,antoci,alci
alvaro,antoine,alne
alya,antonio,alio
alya6a,antunez,alez
alya6b,anuk,aluk
alyse,aponte,alte
alyson,aque,alue
alyssa,aral,alal
alyx,aranda,alda
ama,arcery,amry
aman,arciniejas,amas
amanda,arcos,amos
amandine,ard,amrd
amando,ardalan,aman
amansala,arellano,amno
amar,arellanos,amos
amarilis,arenas,amas
amber,argáez,amez
amdia,arianna,amna
ame,arias,amas
amee,ariel,amel
amelia,arjona,amna
amelie,armali,amli
amerson,armantrout,amut
ami,armario,amio
amie,armstrong,amng
amigo,arnet,amet
amigos,arnold,amld
amir,aron,amon
amisha,arons,amns
amit,arredondo,amdo
amith,arriaga,amga
amity,arroyo,amyo
amma,art,amrt
ammar,arthur,amur
amor,arturo,amro
amy,ascencio,amio
amyjo,ascoe,amoe
ana,ascotia,ania
anabel,asencio,anio
anais,ash,ansh
analia,ashbaugh,angh
analida,ashiko,anko
analise,ashlegh,angh
anamaria,ashmore,anre
anamary,ashtiani,anni
ananda,ashton,anon
ananya,askew,anew
anastasia,aspell,anll
anayeli,aspinwall,anll
anca,assistant,annt
ancelmo,assor,anor
anda,astron,anon
andersson,athureliya,anya
andra,atif,anif
andre,atighechi,anhi
andrea,atilano,anno
andreas,atkinson,anon
andreja,attanasova,anva
andres,atteberry,anry
andrew,attolico,anco
andrews,atwood,anod
andrey,augustine,anne
anduena,augusto,anto
andy,avery,anry
andye,avila,anla
ane,aviv,aniv
anel,azadian,anan
anella,azevedo,ando
angel,azoulai,anai
angela,azpeitia,ania
angele,baal,anal
angeles,baarman,anan
angelica,babcock,anck
angelina,babtista,anta
angeline,backus,anus
angelo,bacon,anon
angelynn,badillo,anlo
angie,baez,anez
angy,baeza,anza
anh,bagheri,anri
ani,bah,anah
anibal,bahr,anhr
anica,bailey,aney
anie,baillie,anie
anika,bailliu,aniu
anim,bajda,anda
anina,baker,aner
anique,balarezo,anzo
anirudh,balazs,anzs
anis,baldasare,anre
anissa,baldwin,anin
anita,bales,anes
anjali,bali,anli
anjie,ballantyne,anne
ann,ballard,anrd
anna,ballen,anen
annabela,balliet,anet
annabelle,balsano,anno
annalee,balt,anlt
annalisa,baltzley,aney
anne,bamberger,aner
anneliese,bamford,anrd
annelise,banati,anti
annemaria,banford,anrd
annemarie,banik,anik
annette,banin,anin
annie,banks,anks
annigna,bar,anar
another,bara,anra
anouk,barahona,anna
anthea,barba,anba
anthony,barbaleticia,ania
antje,barbara,anra
antoine,barber,aner
anton,barboni,anni
antonio,barbé,anbé
antony,barcenas,anas
anu,bari,anri
anupama,barkley,aney
anurag,barksdale,anle
anya,barlow,anow
anzhelika,barnard,anrd
aparna,barnes,apes
april,barnett,aptt
apryl,barona,apna
aquilino,barone,aqne
aquilio,baroni,aqni
aracely,barr,arrr
arash,barraza,arza
arava,barreneche,arhe
araya,barrenechea,area
arden,barrera,arra
area,barrios,aros
areli,barrons,arns
arely,barry,arry
argelia,barshan,aran
ariana,bartell,arll
ariane,bartheldi,ardi
arianna,bartolero,arro
ariel,barton,aron
arielle,bartos,aros
arizona,bary,arry
arlene,basilio,ario
arleta,basman,aran
arlyne,bass,arss
arman,bassan,aran
armando,batchelor,aror
armonia,bate,arte
arnaud,batey,arey
arnold,batuski,arki
arthur,bauer,arer
arthur1,bauers,arrs
arthur2,baum,arum
arthurs,bauman,aran
artur,baumstein,arin
arturo,bausa,arsa
aruni,baxter,arer
arvand,bayardo,ardo
ash,bayat,asat
asha,bbc,asbc
ashlee,beach,asch
ashleigh,beachclub,asub
ashley,beachcub,asub
ashlyn,beah,asah
aspe,beahc,ashc
assadour,beaird,asrd
asusena,beaton,ason
athena,beattie,atie
ati,beauchamp,atmp
atkins,beaumont,atnt
atsuko,beauregard,atrd
attree,becerra,atra
aubree,bech,auch
auction,bechtel,auel
audra,beck,auck
audrey,becker,auer
audria,beckerman,auan
aundrea,beckert,aurt
aura,beckstrom,auom
aurelia,beddingfield,auld
aurelie,bedi,audi
aurellie,bedsole,aule
aureo,bee,auee
aurora,beene,aune
aurore,begneaud,auud
austin,behr,auhr
auten,behre,aure
ava,beier,aver
avelardo,belding,avng
avendano,belgarde,avde
avery,beli,avli
aviel,belinda,avda
avila,belk,avlk
aviva,bell,avll
awa,bellando,awdo
axel,bellinger,axer
aydee,bellofatto,ayto
ayesha,belmares,ayes
aygline,belmonte,ayte
aylee,belosevic,ayic
ayme,beltran,ayan
aymeric,belz,aylz
ayse,belzberg,ayrg
azalea,benavidez,azez
babak,benbow.,baw.
babi,benchemhoun,baun
bahareh,benegas,baas
bahi,benelbas,baas
bahman,benesh,bash
bailey,benhamu,bamu
baili,benidze,baze
baillargeault,benitez,baez
balaouris,benjamin,bain
band,bennett,batt
banelly,bennoune,bane
banks,benny,bany
barb,benson,baon
barbara,benz,banz
barbro,berardi,badi
bardia,berdejo,bajo
barnshaw,berdichevskiy,baiy
barreau,berezdivin,bain
barrett,berg,barg
barrow,bergeron,baon
barry,bergonzi,bazi
bart,bergstein,bain
baruch,berkowitz,batz
bas,berman,baan
bashi,bermejo,bajo
basia,bermúdez,baez
baudel,bernales,baes
bbmartinez76@gmail.com,bernard,bbrd
bea,bernardini,beni
beach,bernstein,bein
beata,berse,bese
beate,bertha,beha
beatrice,bertolino,beno
beatriz,bertone,bene
becca,besancon,beon
becci,best,best
bech,betsy,besy
bechmann,bettini,beni
becki,betts,bets
becky,betz,betz
beldon,beurteaux,beux
belen,bezborodoff,beff
belgica,bhojwani,beni
belinda,bianchini,beni
bell,bibancos,beos
bella,bibas,beas
bellin,bibiana,bena
belson,bibr,bebr
ben,bicicleta,beta
benay,biddlecombe,bebe
benedetta,bidot,beot
benedicte,biegel,beel
benedikt,biehn,behn
bener,bieniek,beek
benigno,biersack,beck
benito,biggi,begi
benjamin,bike,beke
benn,billingsley,beey
bennet,bina,bena
benoit,biondo,bedo
bercy,bird,berd
berenice,birnbaum,beum
berit,biros,beos
berkowitz,bishop,beop
berliat,bishri,beri
bernadette,biskay,beay
bernard,bisson,beon
bernardino,bitak,beak
bernardo,bizari,beri
bernd,black,beck
bernice,blake,beke
berry,blanc,benc
bessette,blanco,beco
beth,blando,bedo
bethany,blanken,been
betsy,blatt,bett
bette,blauser,beer
betti,blefari,beri
bettina,blein,bein
betts,blizzard,berd
betty,bloggs,begs
betzy,blomquist,best
bevan,blomqvist,best
beverly,bloqueado,bedo
bevin,bloqueo,beeo
bhargavi,bloqurwo,bhwo
biana,blount,bint
bianca,blyth,bith
bici,bob,biob
bieta,bobadilla,bila
bigler,bobish,bish
bijan,bobroff,biff
bike,bock,bick
biken,bogdanski,biki
bikes,boger,bier
bill,bogert,birt
billie,boggi,bigi
billy,bohm,bihm
binfoh,boice,bice
binh,bois,biis
birgir,boiz,biiz
birgitta,bokhari,biri
bittia,bolam,biam
bizanti,bolin,biin
bjorn,bolton,bjon
blackman,boncelet,blet
blain,bondarev,blev
blaine,bongard,blrd
blaise,bonhotel,blel
blake,bonicolini,blni
blanca,bonnet,blet
blass,bonnin,blin
blathnaid,bonno,blno
bleachclub,book,blok
block,bookman,blan
blockeado,booz,bloz
blocked,bordeman,blan
blocking,borenstein,blin
bloq,borman,blan
bloquada,bornstein,blin
bloque,borock,blck
bloqueada,borson,blon
bloqueado,boseman,blan
bloquedado,bosque,blue
bloquedo,bottiger,bler
bloqueo,boublil,blil
blythe,boufeas,blas
bob,boulos,boos
bobbie,boundy,body
bobby,bouras,boas
bodega,bourquin,boin
body,boutique,boue
bonita,boveri,bori
bonnal,bowden,boen
bonnie,bowen,boen
bony,bowers,bors
booking,bowman,boan
boqueano,bowser,boer
boris,box,boox
borka,boxer,boer
bouchier,boyd,boyd
boutique,boyes,boes
bowen,bozic,boic
bracelet,braaten,bren
brad,bracamonte,brte
bradbury,bradley,brey
braden,brady,brdy
bradley,braga,brga
bradshaw,brager,brer
braedi,braje,brje
braga,brambah,brah
branden,brandin,brin
brandi,brandon,bron
brandom,branen,bren
brandon,branoff,brff
brandy,branson,bron
braysher,braun,brun
bre,braunschwel,brel
breann,brawley,brey
breanna,brazeau,brau
breen,brecht,brht
breezy,breese,brse
brehan,bregasi,brsi
brenda,bregman,bran
brendan,brendling,brng
brenna,brennan,bran
brent,brent,brnt
bret,breslerman,bran
breton,bressan,bran
brett,bri,brri
bria,bricker,brer
brian,brickley,brey
briana,brida,brda
brianna,bride,brde
brianne,briese,brse
bridget,briggs,brgs
bridgette,briks,brks
brie,brillante,brte
briese,brimmer,brer
brigette,brinkley,brey
brigid,brito,brto
brigitte,bro,brro
brion,broadribb,brbb
britany,brocchetta,brta
britney,brock,brck
britny,brody,brdy
britt,bronstein,brin
britta,brook,brok
brittany,brooks,brks
brittnay,brosen,bren
britty,brotherton,bron
broadman,brown,brwn
brockie,brudzynski,brki
brook,bruhmuller,brer
brooke,bruner,brer
brookelyn,brunet,bret
bruce,bruning,brng
bruna,bruno,brno
bruno,bryan,bran
brusovanik,bryant,brnt
bryan,bryce,brce
brynn,bryson,bron
brynne,bts,brts
buchan,buard,burd
burgess,buchanan,buan
burley,buckley,buey
butler,buddharaju,buju
cafetería,budini,cani
cahuich,budoff,caff
caitla,bueno,cano
caitlan,bugeau,caau
caitlin,bugovics,cacs
caitlyn,bukhari,cari
caity,buller,caer
caleb,bullrich,cach
calin,bumb,camb
callaghan,burack,cack
callista,burblies,caes
cally,burckhardt,cadt
calum,buret,caet
calvin,burg,carg
cam,burgess,cass
cambria,burgoyne,cane
cameron,burns,cans
camila,burridge,cage
camilla,busk,cask
camille,bussey,caey
camilo,butcher,caer
campbell,butler,caer
camper,butterfield,cald
campos,butzer,caer
can,byargeon,caon
cancelled,byers,cars
candace,byrne,cane
candelaria,cababie,caie
candiano,caballero,caro
candice,caban,caan
candie,cabanas,caas
candince,caborde,cade
candyce,cabral,caal
canosa,cabrera,cara
cantu,caddick,cack
cappy,caffaratti,cati
cara,cahoon,caon
caren,cal,caal
carey,calafell,call
carin,caldwell,call
carina,cale,cale
carine,calega,caga
cark,callahan,caan
carl,callaway,caay
carla,callum,caum
carley,cama,cama
carlie,camacho,caho
carling,camara,cara
carlitos,cambas,caas
carlo,camerlengo,cago
carlos,cameron,caon
carlotta,camilla,cala
carlson,campbell,call
carly,campion,caon
carmen,campos,caos
carmina,canadian,caan
caro,cancelada,cada
carol,cancelado,cado
carol,candlish,cash
carola,canfield,cald
carole,cannady,cady
caroliine,cannestra,cara
carolina,cano,cano
caroline,canseco,caco
carolyn,canto,cato
carolynn,cantú,catú
caron,cappon,caon
caroti,caravantes,caes
carrie,caraza,caza
carter,carberry,cary
carwen,carbone,cane
caryn,cardell,call
casa,cardenas,caas
casandra,cardinal,caal
casey,cardona,cana
cash,cardone,cane
casilda,carey,caey
casper,carissa,casa
cassandra,carli,cali
cassidy,carlomagno,cano
cassie,carlos,caos
cassy,carlson,caon
cat,carlyon,caon
catalan,carme,came
catalina,carmen,caen
catarina,carment,cant
catherine,carnegie,caie
cathi,caro,caro
cathleen,carol,caol
cathryn,caroline,cane
cathy,caron,caon
caviccinow,carpio,caio
cayetana,carr,carr
cecilia,carranza,ceza
cecilie,carrasco,ceco
cecily,carrera,cera
cedric,carreras,ceas
cee,carrillo,celo
celeste,carrion,ceon
celia,carroll,cell
celian,carson,ceon
celine,carter,ceer
cemile,cartwright,ceht
cerbone,caruso,ceso
ceres,carver,ceer
cesar,carzoglio,ceio
cezar,casabianca,ceca
ch5,casals,chls
chaaban,casanova,chva
chad,casares,ches
chadwick,casasola,chla
chalars,cascio,chio
chanda,case,chse
chandra,cash,chsh
chanler,cashin,chin
chano,casner,cher
chantal,cassandra,chra
chantale,cassar,char
chantelle,castanares,ches
chapman,castanos,chos
char,castañeda,chda
charee,castañer,cher
charlene,castellano,chno
charles,castellanos,chos
charlie,castillo,chlo
charlot,castner,cher
charlotte,castro,chro
chas,catania,chia
chasity,cate,chte
chasty,catherine,chne
chatty,catona,chna
chavez,cauchi,chhi
chef,cautela,chla
chelsea,cavagnuolo,chlo
chelsey,cavallaro,chro
chelsy,cavanaugh,chgh
chema,cave,chve
cheng,cavegn,chgn
chenin,ceballos,chos
cheree,centeno,chno
cheria,cera,chra
cherie,cerbone,chne
cheryl,cervantes,ches
cheslea,cervera,chra
chesney,cesar,char
cheyenne,cespedes,ches
chiara,cetina,chna
chica,cevallos,chos
chiho,cezar,char
chilina,ch18,ch18
chin,chacon,chon
chinitas,chadderton,chon
chinwe,chagnon,chon
chloe,chaia,chia
chocki,chalmers,chrs
chong,chamberlain,chin
chou,chambers,chrs
chris,champagne,chne
chrissy,chance,chce
christa,chandhoke,chke
christaine,chandler,cher
christelle,chandor,chor
christi,chang,chng
christian,chani,chni
christiane,channing,chng
christiansen,chaparro,chro
christie,chapman,chan
christina,charbonnier,cher
christine,charest,chst
christinne,charge,chge
christoph,charles,ches
christophe,charlotte,chte
christopher,charters,chrs
christy,chartouni,chni
chrysti,chartrouni,chni
chuck,chasteen,chen
chuckl,chau,chau
chyna,chavez,chez
chynna,chavo,chvo
ciara,chechik,ciik
cid,checlers,cirs
cinthhia,chedikian,cian
cinthia,chellen,cien
cinthya,chelsea,ciea
cintia,chen,cien
cintya,chepe,cipe
citlalli,cher,cier
cittone,cheres,cies
claid,cherit,clit
clair,cherry,clry
claire,chesney,cley
clara,cheung,clng
clare,chevalier,cler
clase,chew,clew
clases,chiacchierini,clni
class,chianese,clse
classe,chiappone,clne
classes,chin,clin
claude,chinta,clta
claudia,chiosso,clso
claudio,chitre,clre
clauvin,chiñas,clas
clay,choi,cloi
clayton,choresh,clsh
clea,choucri,clri
clemens,chris,clis
clemente,chrisman,clan
clementine,christensen,clen
cliff,christian,clan
clotilde,christie,clie
cloud,christine,clne
clément,christoph,clph
coaker,christopher,coer
coby,christopherson,coon
cocina,chrétien,coen
cody,chuck,cock
cole,chunya,coya
coleen,ciardelli,coli
colette,ciau,coau
colin,cichy,cohy
colleen,ciconte,cote
collin,ciminelli,coli
colton,ciobarnu,conu
columba,cioffi,cofi
comision,cioffrese,cose
comisiones,cioncolini,coni
con,ciotola,cola
condosy,cipriano,cono
conner,cirsa,cosa
connie,cito,coto
conrado,ciuk,couk
constantino,clabecq,cocq
constanza,claesson,coon
construccion,claire,core
consuelo,clancy,cocy
consumo,clare,core
contador,clark,cork
conte,clarke,coke
contenti,clary,cory
conti,class,coss
conville,claudia,coia
conway,claugus,cous
cooley,claus,cous
cooper,claypool,cool
coppin,clement,cont
cora,clifford,cord
coral,clifton,coon
corbett,clise,cose
cordelia,clough,cogh
cordula,clunie,coie
core,clymo,como
corey,coakley,coey
cori,cobabe,cobe
corina,cobian,coan
corine,cobos,coos
corinna,cobrarle,cole
corinne,cochrane,cone
corky,coco,coco
cormery,codi,codi
cornell,coehn,cohn
corrado,coffman,coan
corry,cofinas,coas
cortesia,cohen,coen
corwin,colabella,cola
cory,colabianchi,cohi
costa,colby,coby
costanza,cole,cole
courtney,colella,cola
craig,coleman,cran
creer,colentinha,crha
cris,colin,crin
crisanta,collado,crdo
cristhian,collection,cron
cristian,colleen,cren
cristiana,colligan,cran
cristina,collins,crns
cristobal,collinsworth,crth
cristol,colpaert,crrt
cristy,colvin,crin
cristyn,colwell,crll
crossman,combs,crbs
crowe,compagni,crni
crowley,con,cron
cruz,conde,crde
crystal,connelly,crly
csaba,connely,csly
cuauhtemoc,conner,cuer
cuentiador,connolly,culy
cullen,conroy,cuoy
cundy,contador,cuor
curgenven,contreras,cuas
curt,conway,cuay
curtis,cook,cuok
cyndi,cooke,cyke
cynthia,cookler,cyer
cyril,cooley,cyey
cécile,coomber,céer
dadsfs,cooper,daer
dafni,coopersmith,dath
dagnall,copersino,dano
dagoberto,corbin,dain
dahlia,corcoran,daan
daisy,cordova,dava
dale,cordovia,daia
dalet,cordt,dadt
dali,corey,daey
dalia,corolla,dala
daliah,corona,dana
dallard,coronado,dado
dalton,corradino,dano
damaris,corrado,dado
damian,corrales,daes
damien,corson,daon
damini,cortes,daes
damon,cortina,dana
dan,cortinas,daas
dana,cosette,date
dane,cota,data
daneile,cotley,daey
daneise,cotter,daer
danel,couch,dach
danell,coucheron,daon
dang,coughlin,dain
dani,cowan,daan
dania,cowden,daen
daniel,cowdrey,daey
daniela,cox,daox
danielazamorano,coyote,date
daniella,cozik,daik
danielle,cozine,dane
daniels,crager,daer
danna,craig,daig
danni,crane,dane
danny,crawford,dard
dante,creighton,daon
danyel,crenshaw,daaw
daphna,crighton,daon
daphne,cristina,dana
dar,critchley,daey
dara,crosby,daby
darci,crowther,daer
daria,crumley,daey
dario,cruz,dauz
darius,cruzcosa,dasa
dariush,cuatro,daro
darla,cuenta,data
darlene,cuentiador,daor
darlenes,cuevas,daas
darrell,cullinae,daae
darren,cung,dang
dasi,cunningham,daam
daskey,curbilié,daié
dastgiri,curri,dari
daughter,curtis,dais
dave,cury,dary
david,cutlet,daet
davida,cutwright,daht
davidson,cyprian,daan
dawn,cyrus,daus
dawna,d'arce,dace
dayari,dadowski,daki
dayla,dagelman,daan
dayna,dai,daai
daynia,daignault,dalt
dean,dajani,deni
deane,dakhil,deil
deb,dalecky,deky
debbi,dalton,deon
debbie,damas,deas
debora,damico,deco
deborah,damien,deen
debra,dana,dena
deciga,daniel,deel
dee,daniela,dela
deena,danielle,dele
deepa,daniero,dero
deepak,danna,dena
deepti,dannelle,dele
deetta,danziger,deer
deidre,darcas,deas
deirdre,daria,deia
dejan,darlene,dene
del,darlene's,de's
delair,darsey,deey
delaney,das,deas
deleon,dascal,deal
delete,dasher,deer
delfina,dasilva,deva
delfino,dass,dess
delia,dattilo,delo
delna,dattolo,delo
delphine,daufeldt,dedt
delroi,daugther,deer
dema,daum,deum
demet,david,deid
demetri,davidian,dean
dena,davidson,deon
denee,davies,dees
denis,davila,dela
denise,davis,deis
denisse,davlin,dein
deniz,dawso,deso
dennie,dawson,deon
dennis,day,deay
dennise,dayala,dela
dereck,deakin,dein
derek,deamoer,deer
dermot,deangelis,deis
derrick,deare,dere
desayuno,dearen,deen
desire,debeer,deer
desiree,debenardi,dedi
desta,decamp,demp
destiny,decca,deca
devani,dedonato,deto
devara,defelice,dece
devin,defever,deer
devon,deighton,deon
devyn,del,deel
dexelle,delduca,deca
dey,delgado,dedo
dezza,delhaye,deye
dhana,delia,dhia
dhapne,delion,dhon
dhia,dell,dhll
dia,della,dila
diamantara,dellar,diar
diana,dellinger,dier
diane,deloustal,dial
dianna,demmel,diel
dianne,denglee,diee
diaz,denious,dius
dide,denis,diis
didem,denise,dise
didi,dennis,diis
didier,deoliveira,dira
diederik,deppe,dipe
diego,deppen,dien
diel,derdzinski,diki
dierkes,dermer,dier
dietz,desgagne,dine
digital,deshayes,dies
dilan,desmelik,diik
dilia,detris,diis
dilini,detwiler,dier
dill,devine,dine
dilshad,devletsah,diah
dimateo,devon,dion
dimitri,dezur,diur
dina,dhatri,diri
dinah,diamant,dint
dini,diamond,dind
diogo,diana,dina
diona,diaz,diaz
dionne,dibono,dino
dirk,dick,dick
djihane,dickey,djey
djulbic,dickson,djon
dmitri,diener,dmer
dodi,dies,does
dogan,dieter,doer
dolev,diez,doez
domenic,dimaria,doia
domenico,dimas,doas
dominic,dimitrov,doov
dominic.,dina,dona
dominick,dineen,doen
dominik,diner,doer
dominique,dinn,donn
domitilia,dints,dots
don,dion,doon
donald,dionicio,doio
donia,diozuz,douz
donna,dipalma,doma
donnachie,dipalo,dolo
donny,diplas,doas
donohue,diquattro,doro
donough,dishell,doll
dora,dismore,dore
doran,ditomasso,doso
doreen,dixon,doon
dorine,dlatt,dott
doris,dldlddl,dodl
dorita,dobnikar,doar
dorota,dobol,dool
dorothea,dobson,doon
dorothy,doherty,doty
douglas,dohrmann,donn
downing,dolfi,dofi
dr.,domingue,drue
dray,dominguez,drez
dreamcatcher,domis,dris
dreghorn,donald,drld
drew,donarini,drni
drez,donde,drde
dryden,donghua,drua
ducros,donicht,duht
duncan,donna,duna
dunster,donne,dune
duplicate,donner,duer
dyana,donovan,dyan
dylan,doolee,dyee
dyna,doran,dyan
dzielak,dorantes,dzes
eaton,dorward,eard
eben,dos,ebos
edan,dosso,edso
eddier,doucet,edet
eddy,dougan,edan
eden,douglas,edas
eder,dove,edve
edgar,dovi,edvi
edgardo,downer,eder
edie,doyle,edle
edith,drabik,edik
edmundo,drago,edgo
edna,drake,edke
edouard,draxl,edxl
eduardo,dreyfous,edus
eduaro,driller,eder
edward,dromgool,edol
edwards,drower,eder
edwin,druker,eder
effie,dryja,efja
efi,dubaele,efle
efrain,dubrino,efno
egar,duchesneau,egau
ege,duchin,egin
eileen,ducong,eing
ekebil,dudek,ekek
elaine,dueren,elen
elana,duff,elff
elba,duffield,elld
elda,duffy,elfy
eleanor,dugald,elld
elena,duggan,elan
elhassan,duhayot,elot
eli,duhs,elhs
elia,dum,elum
eliana,duncan,elan
eliane,dunn,elnn
elias,dunne,elne
elie,duplicate,elte
elif,duprat,elat
eligio,duran,elan
elisa,durand,elnd
elisabeth,durham,elam
elisabetta,d’andrea,elea
eliscia,eakins,elns
elise,ealding,elng
eliveg,earl,elrl
eliza,eason,elon
elizabeth,easton,elon
elize,eaton,elon
ellen,echeveriia,elia
ellery,eckler,eler
ellian,eddy,eldy
ellie,edelsten,elen
elliot,eden,elen
elliott,edgell,elll
elly,edlin,elin
elmedina,edment,elnt
eloisa,edmonds,elds
elona,edmondson,elon
els,edmund,elnd
elsa,eduardo,eldo
elsie,edut,elut
elva,edwards,elds
elvan,egan,elan
elvia,eguiarte,elte
elvira,ehmann,elnn
elysa,ehrlinger,eler
elyse,ehrmann,elnn
elyssa,eichel,elel
emanuel,eichensaer,emer
emanuele,eidelstein,emin
emanuelle,eiseman,eman
emelia,eisenberg,emrg
emely,ekholm,emlm
emerald,ekman,eman
emery,elaco,emco
emet,elaine,emne
emigio,elder,emer
emilia,elena,emna
emiliano,elfassi,emsi
emilie,elford,emrd
emilio,elgrably,emly
emily,elharrar,emar
emir,elias,emas
emma,elisabeth,emth
emmanuel,elizabeth,emth
emmanuelle,elizalde,emde
emmanuellovesme,elkamouny,emny
empleado,elkousy,emsy
employee,elleby,emby
enfermera,ellen,enen
enfermero,ellie,enie
enrightobrien,elliott,entt
enrika,ellis,enis
enrique,ellison,enon
entrenadores,elma,enma
ephraim,emde,epde
eran,emerson,eron
erez,emilo,erlo
erhard,emily,erly
eric,emma,erma
erica,emmanuel,erel
erich,empleada,erda
erick,employee,eree
erik,enbody,erdy
erika,encargada,erda
erin,eng,erng
erinn,engel,erel
erlend,engholm,erlm
ermicely,engle,erle
ernest,english,ersh
ernesto,entrenador,eror
erol,epperson,eron
eron,epps,erps
errol,epstein,erin
erskine,erhard,errd
ersoy,erickson,eron
erwin,erika,erka
erynn,ernesto,erto
esau,ertweiler,eser
esin,escajadilla,esla
eskil,escalante,este
esmeralda,escalera,esra
espie,escamilla,esla
esra,escobar,esar
estacionamiento,escudero,esro
esteban,esmail,esil
estefania,espadas,esas
estefany,espinel,esel
estela,espinosa,essa
estelle,espinossa,essa
ester,esquivel,esel
estermann,estacio,esio
esther,estanislao,esao
estin,esteban,esan
estrada,esther,eser
estrella,estivalet,eset
estss,estrada,esda
estuardo,estrella,esla
eszter,estuardo,esdo
ethan,eszlinger,eter
etzel,ethan,etan
eugene,ethans,euns
eugenia,etkin,euin
eugenio,etten,euen
eujenio,etzweiler,euer
eunhee,evangelisti,euti
eunice,evans,euns
eva,eve,evve
evadne,evelyn,evyn
evangelina,evens,evns
evangeline,everett,evtt
evangelo,ewald,evld
evaristo,ewertsen,even
eve,exline,evne
evelyn,extra,evra
evelyne,extras,evas
even,eyser,ever
everett,ezratty,evty
ewa,faas,ewas
ewan,fabian,ewan
exline,fabrizio,exio
extra,fadol,exol
eyal,fagen,eyen
ezequiel,fahy,ezhy
ezgi,fairbank,eznk
ezra,fairchild,ezld
fabia,faircloth,fath
fabian,faitell,fall
fabianne,falagario,faio
fabio,falco,faco
fabiola,falcone,fane
fabris,falkenburg,farg
fabrizio,fallas,faas
facundo,fandos,faos
fahamu,farahay,faay
fairchild,farfan,faan
falon,farler,faer
familia,farmer,faer
family,farwell,fall
fan,faulkner,faer
fani,fauvain,fain
fany,favale,fale
farah,favalero,faro
farahnaz,fdfsdfd,fafd
farid,featherstone,fane
faris,fedak,faak
farrokh,fedrizzi,fazi
fatima,feese,fase
faulkner,fein,fain
fausto,feinberg,farg
fauto,feldenkris,fais
favaloro,felder,faer
favio,felipe,fape
faviola,feng,fang
fay,fernandes,faes
faysal,fernandez,faez
fdferg,fernando,fddo
febe,ferner,feer
federica,ferragamo,femo
federico,ferragni,feni
felice,ferrand,fend
felicia,ferrar,fear
felicity,ferraz,feaz
feliks,ferreira,fera
felipe,fiat,feat
felix,fierro,fero
fell,figa,fega
fellahi,fikus,feus
ferdinando,filer,feer
fergus,finer,feer
fermin,finiochetti,feti
fern,fink,fenk
fernanda,finkel,feel
fernando,finn,fenn
ferreyra,finzi,fezi
fidel,fiorino,fino
filipo,first,fist
filippo,fisco,fico
fillipo,fisher,fier
filomeno,fitschen,fien
findlay,fitzgerald,fild
finkler,fitzgibbon,fion
fiona,fitzgibbons,fins
first,fitzmaurice,fice
fischer,fitzpatrick,fick
fisher,flaghtery,firy
flavia,flaherty,flty
fletcher,fleishman,flan
fleur,fletcher,fler
flintoft,flickenger,fler
floence,flikstein,flin
flor,florent,flnt
flora,flores,fles
florence,florez,flez
florencia,floyd,flyd
flores,flugal,flal
florian,fogarty,flty
florinda,foglia,flia
florine,folberg,flrg
forfoni,foley,foey
forrest,folger,foer
foster,foltmer,foer
fotoshooting,font,font
fran,food,frod
france,for,fror
frances,ford,frrd
francesc,foreman,fran
francesca,forness,frss
francesco,forrester,frer
franchesca,forsythe,frhe
francine,fortini,frni
francis,fortun,frun
francisca,fortuna,frna
francisco,foss,frss
franciska,foster,frer
franciso,fouladgar,frar
franco,fowler,frer
francois,fox,frox
frangi,franco,frco
frank,frank,frnk
frankel,frankiewicz,frcz
frankie,frankum,frum
franklin,franzén,frén
frankum,frauen,fren
frannie,frazer,frer
fransisco,frazier,frer
fransua,frederick,frck
franz,frederik,frik
franziska,fredrick,frck
fraser,fredriksen,fren
fred,freeberg,frrg
freddy,frese,frse
frederic,frewin,frin
frederique,freyn,fryn
fredricson,friadnar,frar
french,frianela,frla
freya,friedland,frnd
fricker,friedman,fran
frida,friedner,frer
fried?,friend,frnd
friedchen,friends,frds
friederike,friens,frns
from,fries,fres
frosh,frischkorn,frrn
fuentes,from,fuom
fusun,froment,funt
gabby,froome,game
gabi,frost,gast
gabo,fudge,gage
gabriel,fuller,gaer
gabriela,fulton,gaon
gabriella,funnes,gaes
gabrielle,fyodor,gaor
gabrille,gabilondo,gado
gaby,gabour,gaur
gael,gaedke,gake
gail,gaffney,gaey
gal,gaidacheva,gava
gale,gaiera,gara
gali,gaind,gand
garbiella,gaither,gaer
gareth,gala,gala
garret,galardi,gadi
garrett,galaz,gaaz
garrick,galindo,gado
gary,gallagher,gaer
gaspar,gallardo,gado
gaston,gallegos,gaos
gauthieo,gallery,gary
gavin,gallo,galo
gaye,galloway,gaay
gayle,galsky,gaky
geckos,galvez,geez
gelfand,galvin,gein
gemma,gama,gema
gemma/jason,gambaccini,geni
genaoveva,gamble,gele
genaro,gamboa,geoa
general,gamero,gero
genesis,gameron,geon
genevieve,gana,gena
genoveva,gangopadhyay,geay
geoff,garb,gerb
geoffrey,garcia,geia
georg,gardiner,geer
george,gardner,geer
georgia,garduños,geos
georgina,garibay,geay
geory,garibo,gebo
ger,garica,geca
gerald,garn,gern
geraldine,garrett,gett
geralyn,garrido,gedo
gerarardo,garrigos,geos
gerardo,garrison,geon
gerbert,garry,gery
geri,garza,geza
germaine,garze,geze
german,garzon,geon
gerogina,gascoigne,gene
geronimo,gassiraro,gero
gerry,gastaldi,gedi
gert,gastelum,geum
gery,gaucher,geer
gesine,gaudin,gein
geyer,gauthier,geer
ghita,gavin,ghin
gia,gavira,gira
giacomo,gaviria,giia
gian,gaxiola,gila
gianluca,gayer,gier
gigi,gazzaz,giaz
gil,geckos,gios
gilberth,geier,gier
gilberto,geissler,gier
gilda,geller,gier
gill,generador,gior
gimena,genetelli,gili
gina,genis,giis
ginette,genovesr,gisr
ginger,gentile,gile
gingi,george,gige
ginna,georges,gies
ginny,gerardo,gido
giorgio,gerassimo,gimo
giovana,geren,gien
giovanni,germann,ginn
girish,geronimo,gimo
gisela,gershman,gian
gisele,gershoni,gini
giselie,gestin,giin
gisella,gestuvo,givo
giselle,geudelekian,gian
gissela,ghandour,giur
gitano,ghebreyesus,gius
giulia,ghent,gint
giuliano,gherlone,gine
giuseppe,ghlaissia,giia
gizelle,giamo,gimo
gladis,giangrasso,glso
gladys,gibb,glbb
gleice,gibbons,glns
glenn,gibbs,glbs
gloria,gibson,glon
glynn,giddings,glgs
goergina,giessen,goen
golan,giggan,goan
golden,gil,goil
gondard,gilbert,gort
gonzalo,gill,goll
gopal,gillman,goan
gordon,gimena,gona
gormsen,gina,gona
gorolay,gioia,goia
gottsmann,gionta,gota
grace,giordanengo,grgo
graciela,giragosian,gran
graeme,girard,grrd
graham,girffiths,grhs
graillot,girlfriend,grnd
granados,gitano,grno
grant,gitano's,gr's
grave,gitterman,gran
grazia,giugno,grno
greatz,giuseppucci,grci
grecia,givner,grer
green,glanell,grll
greening,glanville,grle
greenwood,glazer,grer
greg,glemarec,grec
gregg,glenn,grnn
gregorio,glover,grer
gregory,gluck,grck
greissy,gobbee,gree
greta,godat,grat
gretchen,godefroy,groy
gretta,godoy,groy
griffin,goebel,grel
griselda,goebl,grbl
grupo,goel,grel
grégoire,goergen,gren
guadalupe,goihman,guan
guest,going,gung
guillaume,goit,guit
guillem,golby,guby
guillermo,gold,guld
gunnar,goldberg,gurg
guntra,golden,guen
gustavo,goldfarb,gurb
guy,goldman,guan
guyenguyen,goldstein,guin
gwen,goldstone,gwne
gwendolyn,golino,gwno
gwynne,golitz,gwtz
gyiora,gomez,gyez
gyöngyi,gonnella,gyla
günther,gonzales,gües
haas,gonzalez,haez
habid,gonzallez,haez
habitacion,gonzalo,halo
hadar,good,haod
hagy,gooden,haen
hahn,goodhart,hart
hain,goodis,hais
hair,goodloe,haoe
hajjar,goodman,haan
hakan,goodridge,hage
hal,goodsell,hall
haleh,goodwin,hain
haley,goodyear,haar
halkan,gordon,haon
halla,gorduño,haño
halle,gore,hare
halleh,goskov,haov
hamburgesas,gosling,hang
hamed,gossow,haow
hamilton,gottfried,haed
hammond,gottlieb,haeb
hana,gottreich,hach
hanna,gotwals,hals
hannah,goulet,haet
hans,goutal,haal
harcemo,goya,haya
hardie,gozla,hala
hargreaves,gpp,happ
harold,grace,hace
harriet,gracey,haey
harriett,gracia,haia
harriman,gracida,hada
harris,grady,hady
harrison,graham,haam
harry,granato,hato
harsha,graniel,hael
harshit,grant,hant
hayden,grapes,haes
hayes,gratton,haon
hayleigh,gray,haay
hayley,grazia,haia
hazal,grecu,hacu
heather,greenberg,herg
heberto,greenberger,heer
heco,greene,hene
hector,greenfield,held
hedda,gregori,heri
hediger,gregorich,hech
hedvig,grenfell,hell
hedwig,gretta,heta
heidi,grey,heey
heidy,grieco,heco
heike,griffen,heen
heitor,griffin,hein
helen,griffith,heth
helena,grifit,heit
helene,griglio,heio
helge,grigoriou,heou
helis,grills,hels
helminger,grinius,heus
helmut,grodin,hein
hend,groenevald,held
henny,groeskamp,hemp
henrietta,groshek,heek
henriette,gross,hess
henrik,group,heup
henry,grubb,hebb
herb,gruffi,hefi
herlinda,grumhaus,heus
herman,gruson,heon
hermelinda,guadalupe,hepe
hernan,guajardo,hedo
hernandez,guay,heay
hernesto,guerin,hein
heydi,guerra,hera
higinio,guerrero,hiro
hijos,guest,hist
hila,guffey,hiey
hilario,guia,hiia
hilary,guide,hide
hilda,guie,hiie
hildie,guiliani,hini
hildita,gulisano,hino
hilja,gunn,hinn
hillary,gupta,hita
hipolito,guralnick,hick
hocking,gurievsky,hoky
hoj,gurrola,hola
hollie,gustafson,hoon
holly,gutierrez,hoez
hollys,guzman,hoan
holm,guérette,hote
holmar,göppinger,hoer
holt,haaning,hong
homero,haas,hoas
honor,haass,hoss
hope,hab,hoab
horacio,hackworth,hoth
horaria,hadland,hond
hotel,hadson,hoon
hotels,haessler,hoer
houston,hagendorf,horf
howard,hahn,hohn
howson,haid,hoid
huesped,haider,huer
huespedes,haimo,humo
hugette,haines,hues
hugh,hajjar,huar
hugo,halax,huax
hugues,halcyon,huon
humberto,halenda,huda
humbeto,halford,hurd
hunt,hall,hull
husband,halpern,hurn
hyatt,halpin,hyin
hyim,hamilton,hyon
hyun,hamingway,hyay
hyungung,hammer,hyer
ian,hammerich,iach
iana,hammond,iand
ibrahim,hampton,ibon
ida,hanel,idel
idalia,hannah,idah
idan,hanners,idrs
idit,hansen,iden
idle,hanson,idon
idrees,harari,idri
ignacia,harding,igng
ignacio,hardy,igdy
ihar,harendorf,ihrf
iker,haritoff,ikff
iklaas,harmon,ikon
ilana,harold,illd
ilaria,harrington,ilon
ileana,harris,ilis
ilenia,harrison,ilon
ilhan,harry,ilry
ill,hart,ilrt
ilsa,hartwig,ilig
ilze,harvey,iley
imiliano,harwick,imck
imke,hashemi,immi
imri,hass,imss
inde,hasselkjaer,iner
indiah,hassid,inid
indigo,hatcher,iner
indy,hatzenbiler,iner
ineda,hau,inau
info,hauer,iner
inger,hausafus,inus
ingrid,hause,inse
ingvild,hauser,iner
inkester,hawes,ines
inma,hawila,inla
inna,hawkins,inns
instructora,hawks,inks
intrepid,hayden,inen
ioannis,hayes,ioes
ira,hayford,irrd
iram,hayhurst,irst
irby,hayward,irrd
irene,hazel,irel
ireneusz,hazlehurst,irst
irfan,healy,irly
irina,heap,irap
iris,hearn,irrn
irit,heather,irer
irlanda,hector,iror
irma,hedeya,irya
iromi,hedquist,irst
irving,heemskerk,irrk
irwin,hegeler,irer
iryna,heggle,irle
isaac,heidenberg,isrg
isabel,heimann,isnn
isabella,heinmets,ists
isabelle,heinzman,isan
isac,heipel,isel
isadora,heiser,iser
isauro,helen,isen
ishtar,helfand,isnd
ishveena,helle's,is's
isidoro,heller,iser
ismael,helmore,isre
isolda,henderson,ison
israel,henkin,isin
isreal,henley,isey
itamar,hennessey,itey
itzel,hennessy,itsy
iva,henrique,ivue
ivan,henriquez,ivez
ivana,henson,ivon
ivin,herbert,ivrt
ivo,herberth,ivth
ivon,herceg,iveg
ivona,herd,ivrd
ivonn,heredia,ivia
ivonne,herman,ivan
ivor,hermano,ivno
ivy,hermansson,ivon
iwa,hermogeno,iwno
iwona,hernan,iwan
iya,hernández,iyez
izabela,herrera,izra
izzy,herrerra,izra
jaaziel,herrick,jack
jabarie,herrington,jaon
jaci,herrmann,jann
jacinta,hershfield,jald
jack,herzberg,jarg
jackeline,herzfeld,jald
jackie,hessdorf,jarf
jacko,hetz,jatz
jackson,heus,jaus
jaclyn,heydt,jadt
jacob,hickey,jaey
jacque,hickman,jaan
jacqueline,hickson,jaon
jacquelyn,hiebler,jaer
jacques,higgins,jans
jacqui,hilario,jaio
jacquie,hiley,jaey
jacylyn,hill,jall
jade,hillebrand,jand
jadene,hills,jals
jadyn,hilyer,jaer
jae,himes,jaes
jaesoon,himley,jaey
jahmeek,himmel,jael
jaime,hindley,jaey
jaimee,hindsley,jaey
jaimi,hinman,jaan
jair,hiram,jaam
jairo,hirsch,jach
jake,hirshfield,jald
jakob,hively,jaly
jaldip,hobart,jart
jamaira,hobbs,jabs
james,hockley,jaey
jami,hoder,jaer
jamie,hodnett,jatt
jamil,hoekstra,jara
jamison,hoffman,jaan
jamund,hold,jald
jan,holdt,jadt
jana,holland,jand
janaina,holleron,jaon
janara,holliman,jaan
janaye,hollingsworth,jath
jane,hollman,jaan
janel,holme,jame
janell,holtz,jatz
janelle,holwe,jawe
janet,hooks,jaks
janeth,hoole,jale
janette,horgan,jaan
janice,hori,jari
janick,horn,jarn
janie,horne,jane
janiece,horning,jang
janika,horstmann,jann
janine,hotchkiss,jass
janis,hotel,jael
jannan,hotesl,jasl
jannie,houston,jaon
jannik,hovananian,jaan
japhet,hovarth,jath
jaqueline,hovda,jada
jaques,howard,jard
jared,howell,jall
jarrod,hoyos,jaos
jasbir,hrycyk,jayk
jasmin,hsu,jasu
jasmine,hudak,jaak
jason,hudepold,jald
jasroop,hudgins,jans
jasson,hueber,jaer
jastinder,hugh,jagh
javen,hughes,jaes
javid,hughston,jaon
javier,hugonot,jaot
jay,hui,jaui
jaya,huish,jash
jaye,hulit,jait
jayesh,huneycutt,jatt
jaynee,hunt,jant
jayran,hunter,jaer
jazmin,huntsman,jaan
jean,huot,jeot
jeanann,huppmann,jenn
jeanette,hur,jeur
jeanie,hurbace,jece
jeanine,hurbase,jese
jeanna,hurley,jeey
jeanne,hurlock,jeck
jeannie,hurtado,jedo
jeannine,hurty,jety
jeesun,hurwitz,jetz
jeff,husar,jear
jefferson,husband,jend
jeffrey,hussein,jein
jefrey,hwang,jeng
jehan,hydock,jeck
jehu,hyland,jend
jen,hyun,jeun
jena,häusler,jeer
jenifer,ian,jean
jeniffer,iasiello,jelo
jenine,ibarra,jera
jenn,ibarrondo,jedo
jenna,icaza,jeza
jenni,icenhower,jeer
jennie,ifat,jeat
jennifer,igartua,jeua
jennigje,iglesias,jeas
jennnifer,ignacio,jeio
jenny,ignatius,jeus
jenora,ilda,jeda
jenoveva,ilya,jeya
jens,imwalle,jele
jeremey,indigo,jego
jeremiah,infante,jete
jeremy,ingoglia,jeia
jeri,ingram,jeam
jerildy,innaccone,jene
jeroen,inzani,jeni
jerome,ioannis,jeis
jeroo,ionescu,jecu
jerry,iqbal,jeal
jeso,irani,jeni
jesper,ireland,jend
jess,irene,jene
jessa,isaacs,jecs
jesse,isaballe,jele
jessey,isabel,jeel
jessi,isabelle,jele
jessica,isacson,jeon
jessie,iskandar,jear
jessix,islas,jeas
jessy,ismael,jeel
jesus,isobel,jeel
jette,israel,jeel
jeyapal,issacs,jecs
jhn,italiano,jhno
jhon,italo,jhlo
jhonatan,iutici,jhci
jhony,ivanna,jhna
jil,ivas,jias
jill,iversen,jien
jillaine,iwai,jiai
jillian,iyer,jier
jim,izzy,jizy
jimena,jack,jick
jimm,jackintell,jill
jimmy,jackson,jion
jinous,jackute,jite
jisoo,jacob,jiob
joan,jacobs,jobs
joana,jacobson,joon
joanna,jaconsen,joen
joanne,jacqueline,jone
joaquin,jaffe,jofe
jocelyn,jagode,jode
jochelson,jagust,jost
jodi,jaime,jome
jodie,jaka,joka
jody,jamali,joli
joe,james,joes
joel,jamieson,joon
joelle,jamner,joer
joern,jan,joan
joey,jana,jona
johan,jander,joer
johana,jane,jone
johanna,janet,joet
johannes,janzen,joen
john,jaramillo,jolo
johnathan,jared,joed
johnna,jason,joon
johnny,jasper,joer
johny,javier,joer
joi,jayaram,joam
joice,jazo,jozo
joleen,jean,joan
jolene,jefaza,joza
jolinda,jefesita,jota
jolivet,jeffs,jofs
jon,jellins,jons
jonas,jen,joen
jonathan,jenkins,jons
jones,jennie,joie
jonhatan,jennifer,joer
joni,jenny,jony
jonie,jens,jons
jonny,jensen,joen
jonthan,jeremy,jomy
jordan,jesica,joca
jordana,jessberger,joer
jordi,jesse,jose
jorge,jessica,joca
jorrit,jessie,joie
jose,jessup,joup
josefina,jevtic,joic
josefine,jeyapal,joal
joseph,jillian,joan
josh,jimenez,joez
joshep,joana,jona
joshua,joanna,jona
josiah,joanou,joou
josiane,jobbitt,jott
josie,jocelyn,joyn
josua,jocuns,jons
josue,johannes,joes
journalist,johannsen,joen
joy,johansson,joon
joyanne,john,john
joyce,johnsen,joen
joão,johnson,joon
jsssica,johnston,json
juan,jolliffe,jufe
juanita,jones,jues
jud,joo,juoo
judd,jordan,juan
judie,jorgensen,juen
judit,jose,juse
judith,joseph,juph
judtth,josey,juey
judy,joslin,juin
juella,joy,juoy
juha,joyce,juce
jule,jozic,juic
jules,juan,juan
juli,juarez,juez
julia,jubinski,juki
julian,judy,judy
juliana,juge,juge
julianne,julee,juee
julie,julian,juan
julien,juliana,juna
juliet,julie,juie
julieta,jully,july
juliette,june,june
julio,justin,juin
julissa,juston,juon
julz,jylkka,juka
june,jyung,jung
junonia,kaalberg,jurg
juraj,kachmarchyk,juyk
jurg,kaelyn,juyn
jurgen,kaesmann,junn
justin,kaicher,juer
justine,kaiden,juen
jørgen,kaiser,jøer
kacee,kalach,kach
kaci,kalincheno,kano
kacie,kallick,kack
kael,kambach,kach
kaeley,kameron,kaon
kaelin,kaminer,kaer
kai,kaminski,kaki
kaiden,kandohla,kala
kaila,kanowitz,katz
kailey,kanowsky,kaky
kaisa,kantrowitz,katz
kait,kanu,kanu
kaitlin,kaplan,kaan
kaitlyn,kaplowitz,katz
kaity,kardinal,kaal
kaley,karen,kaen
kali,karina,kana
kallie,karla,kala
kalonsan,karp,karp
kalpakoglou,karr,karr
kane,kartman,kaan
kanessa,kasey,kaey
kanika,kash,kash
kara,kassamani,kani
kareema,kastner,kaer
karen,kasumov,kaov
karey,katafias,kaas
kari,katalay,kaay
kariela,kate,kate
karima,katherine,kane
karin,kathryn,kayn
karina,katrina,kana
karine,katsma,kama
karl,katz,katz
karla,kaufman,kaan
karma,kaushal,kaal
karmen,kavanaugh,kagh
karmina,kay,kaay
karolina,kaye,kaye
karolyn,kaz,kaaz
karym,kazam,kaam
karyn,keanded,kaed
kasey,kebede,kade
kasha,keefer,kaer
kashmir,keegan,kaan
kasia,keeley,kaey
kasper,keene,kane
kat,kehnscherper,kaer
katalin,keiser,kaer
katarina,kelleher,kaer
kataryna,kelley,kaey
kate,kelly,kaly
katelyn,kelsey,kaey
kateryna,kemp,kamp
kathalina,kempf,kapf
katharine,kenck,kack
katherina,kendall,kall
katherine,kenney,kaey
kathi,kennyk,kayk
kathia,kent,kant
kathie,keough,kagh
kathleen,kern,karn
kathlenn,kerr,karr
kathrin,kersten,kaen
kathrine,kest,kast
kathryn,ketchum,kaum
kathy,keutenedjian,kaan
kathya,khalaj,kaaj
katia,khalfina,kana
katie,khalsa,kasa
katja,khambatta,kata
katrin,khan,kaan
katrina,khanna,kana
katrine,khasawneh,kaeh
katy,kidd,kadd
katya,kierulf,kalf
kaufmann,kildrow,kaow
kavita,kim,kaim
kavuzlu,kinaci,kaci
kay,kinasz,kasz
kayla,kind,kand
kaynak,kindon,kaon
kayvan,king,kang
keandra,kinglake,keke
keating,kinkead,kead
keira,kinnamon,keon
keisha,kinney,keey
keith,kinsey,keey
kelen,kipling,keng
kellen,kircalioglu,kelu
keller,kirk,kerk
kelley,kirschner,keer
kelli,kirszenbaum,keum
kellie,kirt,kert
kelly,kiser,keer
kelly2,kitchen,keen
kellyann,klages,kees
kelsey,klaric,keic
kemp,klein,kein
ken,kleinerman,kean
kendal,kline,kene
kendall,klish,kesh
kendra,klopp,kepp
kennedy,kluesner,keer
kennet,klum,keum
kenneth,knauf,keuf
kennethdencer,kneschaurek,keek
kenosha,knetter,keer
kent,knipe,kepe
keren,koc,keoc
keri,koch,kech
kerisha,kocur,keur
kerlim,koehler,keer
kerri,kolb,kelb
kerry,koleman,kean
kerry/christina/gina,kollar,kear
kerstens,koloski,keki
kesa,komorowska,keka
keshia,koning,keng
kest,kopel,keel
kevin,kopf,kepf
key,koral,keal
khalil,koreeva,khva
khambatta,korrow,khow
khan,korth,khth
kia,kortman,kian
kiana,kougl,kigl
kicki,kovan,kian
kiel,kowkobany,kiny
kiera,kozlowski,kiki
kierin,kozlowsky,kiky
kiernan,kraines,kies
kika,kramberg,kirg
kiki,kramer,kier
kikikikikikikikiki,kramm,kimm
kim,krammerer,kier
kimberle,krantzberg,kirg
kimberlee,kravchenko,kiko
kimberlie,kravis,kiis
kimberly,krawczyk,kiyk
kimia,kreitman,kian
kimmarie,krestow,kiow
kimmi,krief,kief
kimmie,krim,kiim
kinaci,krishnamurthy,kihy
king,kristen,kien
kinga,kristiansen,kien
kingsley,kristin,kiin
kira,kristine,kine
kirani,kroeger,kier
kirby,krooke,kike
kirishna,krotowski,kiki
kirk,kruidbos,kios
kirstein,krulewitz,kitz
kirsten,krumholz,kilz
kirsty,kröger,kier
kisnorbo,kubt,kibt
kit,kuehn,kihn
kitchen,kuensell,kill
kitzberger,kuhn,kihn
kiusesu,kumar,kiar
klaas,kunal,klal
klaus,kundler,kler
klencheski,kunin,klin
klára,kuntze,klze
knollmann,kupcik,knik
knox,kuris,knis
kobey,kushma,koma
koblinger,kustresa,kosa
koen,kusumgar,koar
koenig,kwan,koan
koken,kwiatek,koek
koli,kyeron,koon
kon,kyle,kole
kora,laansoo,kooo
kori,labelle,kole
kortney,labier,koer
kory,lachance,koce
kotler,lachlan,koan
krag,lack,krck
krauskopf,lacy,krcy
krawczyk,laehy,krhy
kripa,laforce,krce
kris,lage,krge
krishna,lagreula,krla
krishnaja,laila,krla
krista,laing,krng
kristal,laird,krrd
kristan,lake,krke
kristen,lalanne,krne
kristi,lam,kram
kristian,lama,krma
kristie,lamas,kras
kristin,lamb,krmb
kristina,lambarri,krri
kristine,lancaster,krer
kristopher,landa,krda
kristy,landis,kris
kristyn,landry,krry
krizia,landy,krdy
kruger,lange,krge
krystal,langer,krer
krysten,langley,krey
ksenya,langowski,kski
kuehn,lanier,kuer
kuehne,lansburgh,kugh
kunal,lansdown,kuwn
kurt,lapin,kuin
kwan,lapizco,kwco
kyla,laporte,kyte
kyle,lara,kyra
kylie,laredo,kydo
kysa,larigakis,kyis
labedz,lasting,lang
lacey,latta,lata
lachlan,laufer,laer
ladie,laura,lara
laetitia,lauren,laen
laima,lauria,laia
lais,lavalle,lale
lakota,lavallée,laée
lana,law,laaw
lanae,lawler,laer
lance,lawrecence,lace
lane,lawrence,lace
lang,lawson,laon
lara,lawyer,laer
larae,laxhar,laar
larissa,layden,laen
laroi,lazaro,laro
larry,lazaros,laos
lashana,leader,laer
lasherelle,leal,laal
late,lean,laan
latonya,leanne,lane
latricia,leatham,laam
lauber,leder,laer
lauire,ledesma,lama
laura,ledoux,laux
laura/bryan,leduc,lauc
laure,lee,laee
laureen,leff,laff
laurel,lefrock,lack
lauren,legorburu,laru
laurence,lehman,laan
laurencio,leibler,laer
laurent,leigh,lagh
lauri,leith,lath
laurie,lekach,lach
laurissa,lemeshko,lako
lauryn,lemm,lamm
lavey,leon,laon
law,leonard,lard
lawson,lerner,laer
layla,lesaffre,lare
layne,lesem,laem
lays,leticia,laia
layton,leung,lang
lco,leuschen,lcen
lea,leveque,leue
leader,levin,lein
leah,levine,lene
leandra,leviton,leon
leandro,levy,levy
leann,lew,leew
leanne,lewin,lein
lechus,lewis,leis
leckie,lewison,leon
lee,lewiston,leon
leeann,lheureux,leux
leeor,lian,lean
leif,liberman,lean
leigh,lichtenstein,lein
leigha,liebendoerfer,leer
leila,liebl,lebl
leilani,liedtke,leke
leini,lillian,lean
leisan,lima,lema
lemise,limon,leon
lena,limonchi,lehi
lenavitt,lin,lein
lene,linage,lege
lenel,lincoln,leln
lennartz,linda,leda
leno,lindemann,lenn
leo,lindner,leer
leobardo,lindsay,leay
leon,line,lene
leonard,liney,leey
leonardo,link,lenk
leonel,linkoln,leln
leonie,links,leks
leonoor,linnell,lell
leonor,lipcon,leon
lerch,lipkin,lein
lesley,lipscomb,lemb
lesli,lipson,leon
leslie,lisa,lesa
leticia,litterer,leer
letizia,liu,leiu
lettie,liutjen,leen
lev,livia,leia
lever,llabres,lees
leverett,llano,leno
levesque,lliakis,leis
levi,lloyd,leyd
levoyer,llse,lese
lewis,loba,leba
leyla,lobello,lelo
leyli,local,leal
lia,locker,lier
lian,lockwood,liod
liana,lodato,lito
lianne,logbo,libo
libbey,loghmanian,lian
libby,logiurato,lito
libi,logue,liue
liborio,lohrer,lier
lic.,lola,lila
lic.patricia,london,lion
licia,long,ling
lietti,longo,ligo
ligia,longwave,live
liisa,looker,lier
liju,loop,liop
lila,lopez,liez
lili,lopresti,liti
lilia,lorberbaum,lium
lilian,lord,lird
liliana,lorden,lien
lilibeth,lorena,lina
liling,lorton,lion
lilith,losardo,lido
liliya,lottenburger,lier
lille,lotus,lius
lillian,louis,liis
lilly,louisa,lisa
lily,louise,lise
lina,lovell,lill
lincoln,lovering,ling
linda,lovretovich,lich
lindsay,lowe,liwe
lindsey,lozano,lino
lindy,lubrenecki,liki
linny,lucas,lias
linus,lucentini,lini
lionel,lucille,lile
lisa,lucy,licy
lise,ludlow,liow
liseth,ludy,lidy
lisette,lugo,ligo
lissie,lui,liui
liv,luise,lise
livia,luk,liuk
liviana,luke,like
livingston,lukich,lich
liz,lumb,limb
liza,luna,lina
lizabeth,lund,lind
lizbeth,lunsford,lird
lizet,lustgarten,lien
lizette,lutin,liin
lizzie,lutz,litz
lizzimore,lux,liux
lizzy,luxton,lion
lluis,lyall,llll
lluvia,lykken,llen
lock,lynch,loch
logan,lyndsay,loay
loida,lyons,lons
lois,lytle,lole
loiselin,macenzie,loie
lola,macer,loer
lombardet,macey,loey
lomelin,machado,lodo
lona,machialena,lona
longman,machiavelo,lolo
loni,machorro,loro
lora,macia,loia
lord,macias,loas
lorea,maciborski,loki
loree,maciejewski,loki
loreen,macinnis,lois
lorelai,mack,lock
loren,mackay,loay
lorena,mackenzie,loie
lorene,mackinnon,loon
lorenza,macknxziie,loie
lorenzo,maclean,loan
loretta,macneille,lole
lori,macon,loon
lorie,madaleno,lono
lorna,madden,loen
lorraine,madera,lora
lorri,madigan,loan
lorrie,madrini,loni
los,maecha,loha
lotte,maestro,loro
lotus,mafer,loer
lou,magana,lona
louis,mahaney,loey
louisa,mahina,lona
louise,mahley,loey
lourdes,mahoney,loey
lourice,mahuad,load
luba,mailhot,luot
luc,maitland,lund
luca,mako,luko
lucas,makris,luis
lucia,maksoud,luud
lucian,maldonado,ludo
luciana,malesenka,luka
luciano,malik,luik
lucienne,mallari,luri
lucila,maloof,luof
lucina,malouf,luuf
lucinda,malvarosa,lusa
lucio,malvido,ludo
lucky,maman,luan
lucrecia,mamula,lula
lucy,mandel,luel
lucya,mandzuka,luka
lucyna,mangalji,luji
luibov,mangroves,lues
luigi,mangum,luum
luis,mani,luni
luisa,manicure,lure
luiza,mann,lunn
luka,manning,lung
lukas,mannix,luix
luke,manny,luny
lula,manrique,luue
lunise,manson,luon
lupita,mansour,luur
lurdes,manspeizer,luer
lusanda,mantice,luce
luz,mapes,lues
luzelva,maqsudi,ludi
lya,maranda,lyda
lychota,marcela,lyla
lydia,march,lych
lyla,marchant,lynt
lynda,marchesi,lysi
lyndsay,marchetti,lyti
lyndsey,marchetto,lyto
lynn,marcia,lyia
lynne,marcius,lyus
løfald,marcko,løko
m'lissa,marco,m'co
ma.,marcus,maus
maancy,marczuk,mauk
mac,maren,maen
macarena,marey,maey
mackene,margaret,maet
mackenzie,margolin,main
mackey,margot,maot
mad,margron,maon
madden,maria,maia
maddox,mariano,mano
madeleine,marie,maie
madelene,marika,maka
madeline,marila,mala
madina,marileni,mani
madison,marimar,maar
mads,marin,main
maegan,marinho,maho
maestro,marino,mano
maeve,marinos,maos
mafer,marinozzi,mazi
mafu,mario,maio
magali,marion,maon
magaly,mark,mark
magda,markie,maie
magdalena,marks,maks
maggie,marli,mali
magical,maroevich,mach
maha,marotta,mata
mahamoud,marquez,maez
mahan,marquina,mana
mahnaz,marrocchino,mano
maia,marrone,mane
maika,marshall,mall
maiko,marshfield,mald
maikol,marta,mata
maile,martell,mall
mairi,martha,maha
maitri,martin,main
majbritt,martina,mana
majer,martinez,maez
makuin,martinkevich,mach
mala,marty,maty
malcolm,marukea,maea
malcom,marvin,main
maleki,marzuki,maki
malene,masaje,maje
malik,masiero,maro
malin,maslen,maen
malka,masna,mana
mallorie,maspes,maes
malone,massage,mage
mama,massalas,maas
manal,massicot,maot
mandeep,massingill,mall
mandy,master,maer
manfred,masterson,maon
manicure,mata,mata
manish,mather,maer
manlio,mathilda,mada
mannix,matluck,mack
manolo,mattax,maax
manon,matthew,maew
manpreet,matthews,maws
manrique,matton,maon
mantas,matute,mate
mantenimiento,mauran,maan
manuel,maureen,maen
manuela,mauricio,maio
mara,mavris,mais
marc,mawer,maer
marcel,max,maax
marcela,mayer,maer
marcella,maynard,mard
marcelo,mayor,maor
marci,mayotte,mate
marcia,mazariegos,maos
marciano,mazmanyan,maan
marcie,mazurek,maek
marcin,mazza,maza
marco,mazzara,mara
marcos,mbakam,maam
marcucci,mcauley,maey
marcus,mcauliffe,mafe
mardian,mccabe,mabe
maree,mccafferty,maty
mareen,mccambly,maly
margaret,mccane,mane
margareta,mccann,mann
margarida,mccarell,mall
margarita,mccarthy,mahy
margee,mccavitt,matt
margie,mcclellan,maan
margit,mccourt,mart
margo,mccoy,maoy
margot,mccreight,maht
marguerite,mccue,maue
margy,mccullough,magh
mari,mcdermott,matt
maria,mcdole,male
mariah,mcelroy,maoy
mariam,mcgiffin,main
marian,mcgilvray,maay
mariana,mcgrady,mady
marianna,mcgraw,maaw
marianne,mcgregor,maor
mariano,mcintyre,mare
mariapuerto,mckenna,mana
marice,mckinley,maey
maricella,mckinnon,maon
marie,mckitterick,mack
marielle,mclaughlin,main
marien,mclean,maan
mariepier,mclellan,maan
marietta,mclurg,marg
marilia,mcmaster,maer
marilou,mcmurdie,maie
marilyn,mcneely,maly
marin,mcniff,maff
marina,mcsweeney,maey
marine,mctamany,many
marinela,mcvey,maey
mario,me2,mae2
marion,mechado,mado
marique,mecia,maia
maris,medel,mael
marisa,medina,mana
marisela,meenan,maan
marisol,megan,maan
marissa,meginness,mass
marith,mehmet,maet
marius,mejia,maia
mariya,mejilla,mala
marji,melchior,maor
marjolaine,melia,maia
marjorie,melinger,maer
mark,melissa,masa
marko,melissa's,ma's
markus,melissas,maas
marla,melissa´s,ma´s
marlen,mello,malo
marlene,melman,maan
marlin,melnyk,mayk
marlon,melton,maon
marly,mena,mana
marnie,menaglio,maio
marnix,menasche,mahe
marquita,mendez,maez
marsella,mendlewicz,macz
marsha,mendoza,maza
marshall,mendy,mady
marta,menke,make
martha,ment,mant
marti,menzel,mael
martin,mercado,mado
martina,mercanti,mati
martinat,merced,maed
martine,merck,mack
martinez,merlot,maot
marty,merydith,math
maruk,meré,maré
marvic,mesirow,maow
mary,messina,mana
maryam,messmer,maer
maryana,metcalf,malf
maryanna,metron,maon
maryanne,metsinger,maer
marybel,mettel,mael
marybeth,mettner,maer
maryblair,meyerer,maer
marycarmen,meyers,mars
marytere,meyerson,maon
marytsa,meymarian,maan
maryu,meza,maza
maschione,mgrdechian,maan
masha,michael,mael
maskym,michel,mael
massage,michelle,male
massiliano,michels,mals
massy,middleton,maon
master,mielcarek,maek
matallana,mientka,maka
mateo,miguel,mael
mateos,mihailov,maov
mather,mila,mala
mathew,milan,maan
mathias,milea,maea
mathieu,miles,maes
mathilde,milgram,maam
mathy,millard,mard
matias,miller,maer
matt,millner,maer
matteo,mills,mals
matthew,milosavljevic,maic
matthews,milss,mass
matti,miner,maer
matute,minio,maio
maura,minionis,mais
maureen,minnick,mack
mauricio,minzer,maer
maurine,miranda,mada
maurits,misener,maer
maurizio,misios,maos
mauro,mitchell,mall
maverick,mitra,mara
max,mitrani,mani
maxim,mitten,maen
maxime,mizarahi,mahi
maximilian,mkay,maay
maximiliano,mochi,mahi
maximo,model,mael
may,modelo,malo
maya,modford,mard
mayalla,moen,maen
mayan,moens,mans
mayka,moerman,maan
maylen,moffit,mait
mayra,moga,maga
mazariegos,mogalian,maan
mazur,mogged,maed
mcdonnell,mohammad,mcad
mckasson,mondanaro,mcro
mckay,mondragon,mcon
mckayla,monford,mcrd
mckenna,monfrecola,mcla
mckenzie,mongis,mcis
mckinley,monica,mcca
mckinsey,monn,mcnn
mcmahon,monroy,mcoy
mcmullan,monserrat,mcat
me2,monsma,mema
meagan,montalvo,mevo
meaghan,montary,mery
mechet,montaño,meño
meddings,montelongo,mego
medeya,montenegro,mero
meenakshi,montgomery,mery
meg,montinos,meos
megan,montoya,meya
megas\n,montyn,meyn
meghan,moodley,meey
megpg,moooo,meoo
megs,moore,mere
mehdi,mora,mera
meir,moraitis,meis
meissa,more,mere
melanie,moreault,melt
melchor,morehouse,mese
melesa,moreno,meno
melicia,morgan,mean
melinda,morgenthau,meau
melisa,mori,meri
meliss,morin,mein
melissa,morkos,meos
melissaa,morris,meis
meliza,morrison,meon
mellissa,morrissey,meey
melody,morse,mese
melony,mortensen,meen
melotti,moscatelli,meli
melvin,moshayedi,medi
meme,moss,mess
menachem,motzkus,meus
mendez,mougenot,meot
merav,mowlds,meds
mercedes,moya,meya
mercurio,moyeda,meda
meredith,mr.,mer.
merldith,mucci,meci
mert,muir,meir
meryl,muise,mese
mette,mulcahy,mehy
meyer,mulder,meer
mia,mulet,miet
miau,mulhern,mirn
miaulu,mullen,mien
micaela,mullenbomango,migo
micahel,muller,mier
micha,mullin,miin
micha?,mun,miun
michael,munoz,mioz
michaela,murillo,milo
michaella,muro,miro
michal,murphy,mihy
micheal,murray,miay
michel,muse,mise
michele,must,mist
michelle,mutio,miio
mick,muzumdar,miar
migue,muñiz,miiz
miguel,myer,mier
miguelina,myers,mirs
mihail,myklatun,miun
miii,mylan,mian
mika,möller,mier
mikael,naccarato,mito
mikaela,nad,miad
mikayla,nadine,mine
mike,naegele,mile
mikel,nagy,migy
mikey,nahomi,mimi
milagros,nahon,mion
milan,nail,miil
milana,naime,mime
miles,najib,miib
milko,namdar,miar
miller,nando,mido
mills,naos,mios
milos,naranjo,mijo
milous,narvaez,miez
milton,narytnyk,miyk
mimi,nasyrov,miov
mina,natalia,miia
minako,natanael,miel
minda,natlie,miie
mindy,naum,mium
mirel,navarrete,mite
mirella,navellou,miou
mirial,naylor,mior
miriam,nazmiye,miye
mirian,neel,miel
mirjam,neerland,mind
mirna,negrete,mite
mirta,neil,miil
miryam,neill,mill
misael,nelson,mion
mischa,nersessian,mian
miss,neufeld,mild
missy,neuman,mian
misty,neuron,mion
mitali,new,miew
mladin,newborne,mlne
mle,newhouse,mlse
mockus,newman,moan
model,newton,moon
modelo,nguyen,moen
mohamcel,nian,moan
moira,nicholls,mols
moises,nichols,mols
molly,nicholson,moon
mona,nick,mock
moncho,nicole,mole
monia,nicoleta,mota
monica,nidia,moia
monika,nidorf,morf
monique,niebla,mola
monisha,niedfeldt,modt
monse,nielsen,moen
monserat,nielson,moon
monserrat,nienkämper,moer
montse,nieves,moes
montserrat,niezgorsky,moky
mooney,nightingale,mole
mooo,nijjar,moar
moore,nikayin,moin
mor,niki,moki
morad,nikolett,mott
moral,nillson,moon
moran,nilsson,moon
morgan,nobert,mort
morgane,noe,mooe
morice,noel,moel
morris,nogales,moes
morrissey,noguera,mora
morten,nogxina,mona
morton,noname,mome
moshe,noon,moon
mr.,nordin,mrin
mrs,nordling,mrng
muhmed,noregua,muua
mullane,norman,muan
muller,norris,muis
munari,norris.,mus.
munro,nottingham,muam
murphy,nottle,mule
murty,nourai,muai
musa,nourbakhsh,mush
muy,nourish,mush
mya,nugent,mynt
myer,nunag,myag
myranda,nunn,mynn
myriam,nuñez,myez
myrthala,nystrom,myom
nadal,o'brien,naen
nadezhda,o'hare,nare
nadia,o'louchlan,naan
nadine,o'malley,naey
nadja,o'mara,nara
nagy,o'neil,nail
nahid,o'shea,naea
nahuel,obiols,nals
nailya,oceallaigh,nagh
najun,ochoa,naoa
nalini,odriozola,nala
nalleli,odwyer,naer
nally,ofetsth,nath
nana,ogden,naen
nanan,ogilvie,naie
nancie,ojeda,nada
nancy,okabe,nabe
nandy,okoye,naye
nannette,ola,nala
nanny,olan,naan
nansy,olander,naer
naomi,olaru,naru
narcisa,olbrich,nach
narelle,olden,naen
naseem,olea,naea
nasrin,olga,naga
nata,olguin,nain
natali,olivares,naes
natalia,olivas,naas
natalie,oliveira,nara
natalies,oliver,naer
nataliia,olivera,nara
nataly,olivier,naer
natalya,olivieri,nari
natascha,ollier,naer
natasha,olmedo,nado
nate,olocco,naco
natella,olsen,naen
nathalia,olszewski,naki
nathalie,omalley,naey
nathallie,omar,naar
nathalya,onieal,naal
nathan,onyekere,nare
nathaniel,opshaug,naug
nathyla,orca,naca
nawfal,ordaz,naaz
nayeli,orem,naem
naykeri,orendain,nain
nazira,orillac,naac
neda,orimann,nenn
nedim,oringer,neer
neelam,orlando,nedo
neetha,orlova,neva
neeti,orme,neme
negin,orozco,neco
neha,ortega,nega
neil,ortiz,neiz
nejla,ortmann,nenn
nele,ortquist,nest
nelly,osband,nend
nelson,osborn,nern
nemorin,osborne,nene
nerijus,oseguera,nera
nesha,osmond,nend
nestor,osorio,neio
nevis,ospina,nena
new,osterhold,neld
newguest,ostfeld,neld
nicci,oswald,nild
nicholas,otis,niis
nicholine,ott,nitt
nichool,ouadha,niha
nick,ouellet,niet
nicki,ousley,niey
nickola,ovens,nins
nicky/heather,overlock,nick
nico,owens,nins
nicola,owers,nirs
nicolaios,ozer,nier
nicolaos,ozlanska,nika
nicolas,paananen,nien
nicole,pablo,nilo
nicolena,pace,nice
nicoletta,pacente,nite
nicolette,pacheco,nico
nicolle,pack,nick
nidhi,padilla,nila
nidia,pagadora,nira
niels,pagano,nino
nigel,page,nige
nikeeta,paine,nine
nikhita,palacios,nios
niki,paladino,nino
nikita,palafox,niox
nikki,palermo,nimo
niklas,palma,nima
niko,palmer,nier
nikolaos,pamela,nila
nikoletta,pampel,niel
nil,panella,nila
nima,paneri,niri
nina,paquette,nite
ninfa,paradas,nias
ninive,paragioudakis,niis
ninsun,parcells,nils
ninua,pare,nire
nisarut,paredes,nies
nisha,parfitt,nitt
niss,parikh,nikh
nissim,parke,nike
nitsanne,parks,niks
niv,parmacek,niek
niveditha,parmenter,nier
noa,parra,nora
noah,parrish,nosh
noberto,parsons,nons
noe,pascal,noal
noel,paskin,noin
noelle,paspa,nopa
noemi,passalacqua,noua
noise,passanisi,nosi
nok,passarelli,noli
nola,pastor,noor
nolan,pastos,noos
noma,pastrana,nona
nomi,patel,noel
noor,pateras,noas
noorulain,patricia,noia
nora,patrick,nock
norbert,patron,noon
norberto,pattanyus,nous
noreen,patterson,noon
norelis,paul,noul
norena,paula,nola
norman,paulich,noch
norris,paulo,nolo
nosheen,pavan,noan
not,pavlin,noin
nourba,peacock,nock
novian,peak,noak
nozomi,pearl,norl
nqabakazi,pearson,nqon
nthenya,pease,ntse
nugent,peat,nuat
nui,peck,nuck
nupur,pecou,nuou
nuria,pedersen,nuen
nutrivec,pedi,nudi
nuttall,pedraza,nuza
nydis,pedro,nyro
nyere,pee,nyee
o'brien,peffer,o'er
oakley,pelaes,oaes
ocallaghan,peleg,oceg
ocean,pelletier,ocer
octavia,penalosa,ocsa
octavio,pendergast,ocst
ofa,pendleton,ofon
ofek,penhaskashi,ofhi
ofmara,peniche,ofhe
oftal,pepper,ofer
ohayon,pequeno,ohno
oihana,perales,oies
oja,peralta,ojta
oksana,peraza,okza
ola,percasky,olky
olaf,perdomo,olmo
olalla,peredelsky,olky
olena,pereira,olra
olga,perez,olez
olivenza,perl,olrl
oliver,perlin,olin
olivera,perlman,olan
olivia,perpar,olar
olivier,perri,olri
ollie,perricone,olne
olof,perrina,olna
olsen,perroti,olti
oly,perry,olry
omalley,pertler,omer
omar,pertsinidis,omis
omri,peruano,omno
oona,pes,ooes
ophira,pesqueira,opra
oracio,peter,orer
oriana,peters,orrs
orlanda,petersen,oren
orlando,peterson,oron
orry,petitjean,oran
orvin,petro,orro
orysia,petrose,orse
orzai,petrusich,orch
osborn,pett,ostt
oscar,pettengell,osll
osiel,pettis,osis
osman,petzi,oszi
osvaldo,peyro,osro
osvando,peyser,oser
osvelia,peyvan,osan
oswaldo,pezzotti,osti
ota,peña,otña
otilia,pfau,otau
otra,pfeil,otil
otto,phah,otah
owen,pham,owam
o´farrell,phelan,o´an
pablo,phelis,pais
pabo,philinda,pada
paco,philip,paip
paddy,philippa,papa
paid,philips,paps
paige,phillips,paps
paizley,photographer,paer
palle,photoshooting,pang
palma,phrachanh,panh
paloma,picard,pard
palpu,piccioli,pali
pam,picco,paco
pamela,piccoli,pali
pandora,pickett,patt
paola,pickford,pard
paoli,pidcock,pack
paolo,piecuch,pach
papa,piedi,padi
papadimitriou,piere,pare
para,pierre,pare
pari,pilcher,paer
paris,pillsbury,pary
parker,pinarli,pali
parking,pineda,pada
parrish,pinedo,pado
parul,pinkwater,paer
parvati,pinto,pato
pascal,piper,paer
pascale,pirathiba,paba
pasquale,pires,paes
pat,pirry,pary
pathmanathan,piscione,pane
paton,pizanti,pati
patrcio,plante,pate
patric,platon,paon
patrice,platzer,paer
patricia,pliego,pago
patricio,plummer,paer
patrick,poga,paga
patrizia,pola,pala
patti,polat,paat
patty,polio,paio
pau,polishook,paok
paul,politzer,paer
paula,pommard,pard
paulette,ponko,pako
paulien,ponson,paon
paulin,ponti,pati
paulina,popadic,paic
paulina/,pope,pape
pauline,popish,pash
paulinehorwits,popolo,palo
pawluk,por,paor
paz,porche,pahe
pazcual,porter,paer
peabody,portillo,pelo
pearl,portocarrero,pero
pecchiar,possenti,peti
pedi,post,pest
pedicure,potier,peer
pedro,pott,pett
peggy,pottenger,peer
peliroja,pottinger,peer
pemberton,poucel,peel
penelope,povich,pech
penny,powell,pell
penthana,power,peer
pepe,powis,peis
pere,pozzeti,peti
perihan,prado,pedo
perla,praeger,peer
pernilla,pranger,peer
pernille,prasad,pead
perry,prassad,pead
persis,prather,peer
pete,pratt,pett
peter,preciado,pedo
petra,preiss,pess
petter,prempeh,peeh
petty,prescott,pett
pfahlert,presidente,pfte
phadke,press,phss
phaedra,pressburg,phrg
pham,pressburg/kinsey,phey
philinda,preston,phon
philip,priecel,phel
philippe,priest,phst
phillip,prill,phll
phillipe,prince,phce
phillipp,pritcharno,phno
phillippe,privat,phat
phillips,procter,pher
phoebe,production,phon
photo,prommer,pher
phung,prosperi,phri
picazo,pueblo,pilo
pier,puig,piig
piere,puley,piey
piero,pulido,pido
pierre,pulve,pive
pietro,pummer,pier
pietrocapitaneo,purcell,pill
pilar,putnam,piam
pilates,pyle,pile
pima,quad,piad
piotr,quaintance,pice
piper,quesada,pida
pit,quezada,pida
pizanti,quintana,pina
pleamon,quintero,plro
plews,quirk,plrk
plint,quiñones,ples
polina,rachel,poel
polly,rademaker,poer
pony,radetich,poch
poonam,radford,pord
poppy,radiant,pont
por,radzko,poko
porfirio,rae,poae
port,rafael,poel
poul,raffan,poan
pouneh,rafferty,poty
powell,raghunathan,poan
prakash,ragonese,prse
precious,rahn,prhn
preeya,raible,prle
preston,raiola,prla
pricilla,rajan,pran
priscila,rajmohan,pran
priya,rallo,prlo
prof,ramirez,prez
propin,ramnani,prni
propina,ramon,pron
propinas,ramos,pros
prudence,ranalletti,prti
prudy,randazzo,przo
prue,ranegie,prie
prueba,raneri,prri
publico,rannells,puls
puja,raoult,pult
pyzikiewicz,raquel,pyel
quetzal,raskin,quin
quick,rasmussen,quen
quinlan,ratapong,qung
quinn,ratcliff,quff
raanan,rateau,raau
rachael,rattenbury,rary
rachel,rattray,raay
rachele,rausch,rach
rachelle,rawlins,rans
rachid,ray,raay
racquel,rayek,raek
radnedge,rayes,raes
radovan,reaijnhart,rart
rae,reale,rale
raeleen,rebak,raak
rafael,rebecca,raca
rafaela,rebei,raei
rafal,rebolledo,rado
raffael,recep,raep
raffaella,recepcion,raon
raffi,rechtien,raen
raffie,reece,race
rahel,reed,raed
rahm,reel,rael
raimondo,reese,rase
raimundo,reeser,raer
raina,reeveo,raeo
raine,regula,rala
rainer,reicherter,raer
rainy,reid,raid
raj,reijerse,rase
rajorshi,reinsch,rach
ralf,remedios,raos
ram,remis,rais
ramandeep,remnant,rant
ramchandra,remy,ramy
ramirez,renan,raan
ramiro,rendon,raon
ramm,reola,rala
ramon,reserva,rava
ramona,residencia,raia
ramraghi,retreat,raat
ramses,rey,raey
randa,reyes,raes
randall,reynaud,raud
randy,reynolds,rads
rangel,rezanour,raur
rania,rhine,rane
ranjani,rhoades,raes
rannveig,rhodes,raes
raoul,rhyan,raan
rapoport,ribero,raro
raquel,ribsan,raan
rashid,ricardo,rado
rasika,richards,rads
rasmus,richardson,raon
ravi,richert,rart
ray,richman,raan
rayco,richter,raer
raymond,ricky,raky
raymundo,riddle,rale
raúl,rider,raer
rchneiderova,rieder,rcer
rebeca,riedinger,reer
rebecca,riedler,reer
rebecka,riegel,reel
rebekah,rienzie,reie
reddin,riera,rera
reed,rierson,reon
reem,riess,ress
regan,riley,reey
reggie,rimer,reer
regina,rincon,reon
regine,rini,reni
reina,rios,reos
reiniel,riot,reot
remo,risser,reer
remove,ritchie,reie
remund,rivard,rerd
ren,rivas,reas
rena,rivera,rera
renata,rivero,rero
renato,rizo,rezo
renaud,roach,rech
rene,robenbeck,reck
renee,roberson,reon
renetao,robert,rert
reno,roberts,rets
renta,robertson,reon
rentas,robinson,reon
reparacion,rocha,reha
reparando,rochdi,redi
reserva,roche,rehe
reserved,rockefeller,reer
residencia,rodecki,reki
rest,roderick,reck
restauran,rodgers,rers
restaurant,rodirguez,reez
reta,rodrigo,rego
reto,rodrigues,rees
retreat,rodriguez,reez
rey,rogelio,reio
reynaldo,rogere,rere
reza,rogers,rers
rhee,rohan,rhan
rhianna,rojas,rhas
rhonda,rojo,rhjo
rhys,romain,rhin
ricarda,romaneck,rick
ricardo,romboli,rili
riccardo,rome,rime
rich,romero,riro
richarc,romeu,rieu
richard,romney,riey
richardson,romo,rimo
richie,roniger,rier
richika,room,riom
rici,rorell,rill
rick,rosado,rido
ricki,rosales,ries
rickie,rosas,rias
ricky,rose,rise
rigoberto,rosen,rien
rigoderto,rosenberg,rirg
rihard,ross,riss
riki,rossano,rino
rikki,rossi,risi
riley,rosso,riso
rima,roston,rion
rimal,roth,rith
risa,rothery,riry
rishi,rothman,rian
rita,rouhani,rini
rivkah,route,rite
riza,rowland,rind
rizwan,roy,rioy
rizzo,rubi,ribi
rob,rubin,roin
robb,rubinstein,roin
robbie,rubio,roio
robbin,rude,rode
robert,rueth,roth
roberta,ruffin,roin
roberto,rui,roui
robertson,ruiz,roiz
robin,rule,role
robinson,ruotolo.,roo.
robson,russell,roll
robyn,rusu,rosu
rocco,rusznyak,roak
rochell,ruyol,rool
rochelle,ryan,roan
rocio,ryder,roer
rocko,rykse,rose
rodgers,saavedra,rora
rodney,sabato,roto
rodolfo,sabzi,rozi
rodrigo,sacca,roca
rogelio,sacks,roks
roger,sacoccio,roio
rogerio,sadd,rodd
roisin,sadeghi,rohi
roland,sadiq,roiq
rolando,saegert,rort
rolf,safran,roan
romain,sager,roer
roman,saidman,roan
romane,saigin,roin
romina,sakellaropoulas,roas
romualdo,salamanca,roca
ron,salazar,roar
rona,saldivar,roar
ronald,saleem,roem
ronise,salgado,rodo
ronit,salina,rona
ronja,salinas,roas
ronni,salluce,roce
rony,salomon,roon
room,salsedo,rodo
rory,saluja,roja
rosa,salvatierra,rora
rosalina,sam,roam
rosalind,samantha,roha
rosana,samantha.,roa.
rosanna,samarguliani,roni
rosanne,same,rome
rosario,samek,roek
rose,sampso,roso
roselli,samsara,rora
rosemary,samuel,roel
rosi,samuels,rols
rosie,san,roan
rosier,sanches,roes
rosina,sanchez,roez
rosing,sandeep,roep
rossana,sanders,rors
rossane,sandhu,rohu
rossi,sandoval,roal
rosy,sandrian,roan
rowan,sandro,roro
roxana,sanfield,rold
roxane,sanfillipo,ropo
roxanne,sanjuan,roan
roxie,sant,ront
roxy,santamaria,roia
roy,santana,rona
royce,santiesteban,roan
royden,santillán,roán
royer,santo,roto
rozelle,santodomingo,rogo
rubem,santos,ruos
rubemm,sapien,ruen
ruben,sapna,runa
rubi,sarabia,ruia
ruby,sarah,ruah
ruchika,sarandrea,ruea
rucks,sarette,rute
rucksana,sarkar,ruar
rue,sarlo,rulo
rumina,saroj,ruoj
rune,sarquis,ruis
rupa,sartorio,ruio
rusnakova,sascha,ruha
russ,satterkee,ruee
russell,sauceda,ruda
ruth,sauer,ruer
ruthie,saunders,rurs
ruthy,sauro,ruro
ruvindya,saurty,ruty
ryan,savino,ryno
ryanne,savoie,ryie
rylan,sawaya,ryya
rylee,sawyer,ryer
saagar,sblendorio,saio
saam,scala,sala
saba,scarcini,sani
sabah,scarff,saff
sabina,scarnatto,sato
sabine,schaefer,saer
sabino,schandelmeier,saer
sabra,schattkowsky,saky
sabrina,schauf,sauf
sacha,scheer,saer
sachpreet,scheinman,saan
sadd,schemansky,saky
sahie,schembri,sari
sahl,scherer,saer
sahle,scherp,sarp
salamone,schetzsle,sale
salavador,scheuer,saer
salazar,schiavoni,sani
sallie,schieferstein,sain
sally,schiekofer,saer
salmon,schifferdecker,saer
salome,schimmel,sael
salvador,schipke,sake
salvatore,schivy,savy
sam,schlager,saer
saman,schlesinger,saer
samanta,schmidt,sadt
samantha,schnaid,said
samar,schnapp,sapp
samara,schneider,saer
samaria,schnorr,sarr
sami,schoenborn,sarn
samir,schoendorf,sarf
samira,scholfield,sald
sammy,schoonover,saer
samson,schravesande,sade
samuel,schubert,sart
sandeep,schuelke,sake
sandra,schuerfeld,sald
sandrine,schulder,saer
sandy,schulman,saan
sangra,schultz,satz
sanjoy,schurch,sach
sanna,schustir,sair
sanne,schwab,saab
sansara,schwabsky,saky
santa,schwartz,satz
santiago,schwegel,sael
santino,schweitzer,saer
sanuel,schweizer,saer
saphia,schönborn,sarn
sapna,scmeo,saeo
sara,scott,satt
sarah,scuras,saas
sarai,seale,sale
saranel,searles,saes
saraswathi,sebastian,saan
saremi,second,sand
sari,segle,sale
sarina,segura,sara
sarmiento,seguridad,saad
sarrah,seigel,sael
sasha,seilheimer,saer
sashak,selmy,samy
saskia,sencenbaugh,sagh
sassy,senders,sars
sat,seneca,saca
satin,senechal,saal
satish,senior,saor
satori,senn,sann
satya,senor,saor
saunders,sepulveda,sada
sauri,serais,sais
savanna,sergio´s,sa´s
savannah,serna,sana
saveria,serrano,sano
savhanna,serre,sare
scalp,servantes,sces
scarlett,severi,scri
schanita,sevin,scin
schmidt,sezer,scer
scholarship,sfakianos,scos
schratl,shafran,scan
schroeder,shah,scah
schubert,shahinfar,scar
schwemmer,shalom,scom
scorza,shanks,scks
scott,shanna,scna
scotty,shannkhappa,scpa
seamus,shannon,seon
sean,shanon,seon
seana,shapiro,sero
seb,shaun,seun
sebastian,shaw,seaw
sebastien,shchori,seri
second,shea,seea
segundo,sheedy,sedy
seidel,sheffman,sean
selamamt,sheiner,seer
selena,shell,sell
selene,shelton,seon
selin,shepard,serd
selina,shepley,seey
semhar,sheppard,serd
sepideh,sherine,sene
sera,sherman,sean
serdar,sherry,sery
seren,sheyla,sela
serena,shienbaum,seum
sergio,shimono,seno
servaes,shimzu,sezu
servicio,shingle,sele
sesion,shishkovskiy,seiy
seth,shiverick,seck
seval,shockley,seey
severo,shoemaker,seer
señora,shojai,seai
shabon,shorr,shrr
shadi,shotton,shon
shadia,shoup,shup
shae,shultz,shtz
shahab,shumate,shte
shai,shunn,shnn
shakira,shymanksi,shsi
shalane,siamo,shmo
shalev,siboni,shni
shalita,sica,shca
shamsa,sidhu,shhu
shan,siegel,shel
shana,sielert,shrt
shanaz,sierra,shra
shane,sigmun,shun
shanell,sigmund,shnd
shani,signol,shol
shanna,sigurdur,shur
shannan,sikorska,shka
shannon,silk,shlk
shantal,silva,shva
shar,silveira,shra
sharaia,silver,sher
shari,silvernail,shil
sharla,silvestri,shri
sharnjit,silvia,shia
sharon,simich,shch
sharookh,simmons,shns
shashi,simon,shon
shaun,simpson,shon
shauna,sims,shms
shaunna,singh,shgh
shawn,siniak,shak
shawna,siniscalchi,shhi
shay,sirma,shma
shayna,sison,shon
shayne,sivalon,shon
shazia,sjoholm,shlm
sheehan,skaane,shne
sheila,skalko,shko
shela,skancke,shke
shelbey,skinner,sher
shelbie,skoglund,shnd
shelby,slaught,shht
sheldon,slepin,shin
shelley,sloan,shan
shelly,slobodow,show
shenna,slocum,shum
shera,sloofman,shan
shereen,sminoff,shff
sheridan,smirnov,shov
sherlock,smith,shth
sherri,smolej,shej
sherrie,snell,shll
sherry,snider,sher
sheryl,sokolovsky,shky
shewatsehai,solanas,shas
shewta,solano,shno
shideh,soldi,shdi
shiela,solecki,shki
shigei,soledad,shad
shigeko,solis,shis
shilpa,solomun,shun
shipra,solorzano,shno
shira,soltero,shro
shireen,somorjai,shai
shirelle,sood,shod
shirikant,sophie,shie
shirley,sorensen,shen
shivani,sorenson,shon
shlomit,soria,shia
shmuel,sosa,shsa
sholeh,soto,shto
shonali,soued,shed
shoula,southwell,shll
shrabya,sowter,sher
shreya,soyars,shrs
shun,spa,shpa
sian,spadaro,siro
sibo,spain,siin
sibylla,sparaco,sico
sibylle,spark,sirk
sidne,sparks,siks
sidonie,spearman,sian
sienna,spector,sior
sienne,speidel,siel
sierra,spelman,sian
siffat,spence,sice
signe,spencer,sier
silk,spizuoco,sico
silke,spuhler,sier
silva,spyrou,siou
silvana,srivasatava,siva
silvia,st.,sit.
sima,staba,siba
simecek,stabile,sile
simg,stabio,siio
simmons,staedeli,sili
simon,staff,siff
simona,stafford,sird
simone,stahl,sihl
sin,stallone,sine
sireesha,stalnaker,sier
sirena,stanchi,sihi
sitara,stanley,siey
sivanne,stanzione,sine
sjoerd,star,sjar
skaro,stark,skrk
skolska,starr,skrr
skye,stavena,skna
skyler,staying,skng
slava,steele,slle
sloan,steen,slen
sloane,steffens,slns
sloat,stegon,slon
smeloff,stein,smin
smith,steinberg,smrg
smitha,steinz,smnz
social,stellar,soar
socrates,stelzer,soer
soe,stenger,soer
sofia,stephanie,soie
sogol,stephens,sons
sokphea,stern,sorn
solana,sterner,soer
solange,steve,sove
solene,stevens,sons
solomon,stevenson,soon
somaiya,stewart,sort
sonali,sthepanie,soie
sonia,stierwalt,solt
sonya,stock,sock
soo,stockton,soon
soohyun,stoltz,sotz
sopal,stone,sone
sophia,stotes,soes
sophie,stowell,soll
soraya,strack,sock
soseh,strano,sono
soshi,strauss,soss
souli,strehl,sohl
sound,streichenberger,soer
sovay,streif,soif
sp1.ltd,stroll,spll
spa,stronberg,sprg
special,stross,spss
spencer,stuart,sprt
spike,stuckslager,sper
spooner,stucky,spky
sr.,stylist,srst
srisakuna,stzoser,srer
stacey,suarez,stez
stacia,subbaraman,stan
stacy,subieta,stta
staff,sullivan,stan
staley,sum,stum
stallard,sumerson,ston
stan,sunderland,stnd
stangneth,sundin,stin
stanislas,sundstrom,stom
stanley,sunem,stem
staple,suojansalo,stlo
starr,sura,stra
stasy,susan,stan
stavroula,sutton,ston
stefan,suzanne,stne
stefana,suzuki,stki
stefani,swaak,stak
stefania,sweet,stet
stefanie,swenson,ston
stefano,sweredoski,stki
steffanie,sydow,stow
stefii,syer,ster
stefny,sylvestre,stre
stefy,szablowska,stka
stella,szabo,stbo
stepahanie,szkolnik,stik
stephane,taborek,stek
stephanie,taerk,strk
stephany,taibi,stbi
stephea,talmadge,stge
stephen,talón,stón
stephenson,tam,stam
steve,tamayo,styo
steven,tamorri,stri
stevhen,tangrad,stad
stevo,tanikawa,stwa
sthephen,tanner,ster
stonnie,tapia,stia
storage,taplin,stin
storm,tarallo,stlo
story,tarica,stca
strom,tarot,stot
strong,tarzian,stan
stuart,tasker,ster
stylist,tassé,stsé
sue,tate,sute
suet,taus,suus
sufi,tavares,sues
sujei,taveras,suas
suma,taylor,suor
summer,taymizyan,suan
summers,tba,suba
sun,tbd,subd
sunawin,teacher,suer
sunayna,tejeda,suda
sunny,temazcal,sual
sunshine,tempel,suel
suraj,temple,sule
sureli,tena,suna
surrie,tenenbown,suwn
susan,terrazas,suas
susana,terry,sury
susannah,teru,suru
susie,test,sust
sussie,teufel,suel
susur,tex,suex
susy,thakraborty,suty
suzan,thalji,suji
suzannah,thatcher,suer
suzanne,the,suhe
suzie,their,suir
suzy,theo,sueo
sven,theresa,svsa
sybille,therrien,syen
sydney,thibaut,syut
sylvain,thierfelder,syer
sylvia,thiermann,synn
sylvie,thomas,syas
t'neille,thompson,t'on
t'nisha,thorman,t'an
tabina,thornberg,targ
taffy,thornton,taon
taghi,thorp,tarp
tahir,thur,taur
tahni,tiberi,tari
tal,tigrett,tatt
talbot,timmons,tans
tali,timmothie,taie
talita,timsina,tana
talitha,ting,tang
taly,tinonco,taco
talya,tinyo,tayo
tamara,tirel,tael
tamay,title,tale
tami,titus,taus
tamim,tizzoni,tani
tamina,tobias,taas
tammy,tobiasen,taen
tamsin,tocco,taco
tanguy,todd,tadd
tania,tohme,tame
tanja,toleti,tati
tanner,tolibas,taas
tannis,tomasovich,tach
tanya,tonnessen,taen
tanyia,tony,tany
tao,toone,tane
tara,torez,taez
tarah,toriello,talo
tarot,toro,taro
tarra,torrente,tate
tarren,torres,taes
taryn,torrey,taey
tasha,torrez,taez
tasiopoulos,tour,taur
taso,toussaint,tant
tata,townsend,tand
tate,toy,taoy
tatia,toyo,tayo
tatiana,toyota,tata
tauni,trabado,tado
tawnie,trabajara,tara
tawny,trainer,taer
tawnya,training,tang
tayler,tram,taam
taylor,tran,taan
tayo,tranent,tant
tba,tranes,tbes
tbd,trapote,tbte
teacher,travis,teis
teachers,traytele,tele
teale,tre,tere
teck,tregenza/atkins,tens
ted,tremari,teri
tedda,tremblay,teay
teddy,trent,tent
teegan,trentacoste,tete
tegan,trentalancia,teia
tehmina,tres,tees
tejal,treviño,teño
telsys,trifoglio,teio
temma,trinel,teel
tener,trinks,teks
tennielle,tritsis,teis
teresa,tritten,teen
teri,trivedi,tedi
terri,trivelli,teli
terry,troisi,tesi
teryl,tromberg,terg
tes,tromelin,tein
tesi,trommen,teen
tess,troni,teni
tessa,troy,teoy
test,trudel,teel
testing,trueman,tean
tetiana,trujete,tete
thaci,truscott,thtt
thai,trynka,thka
thais,tsai,thai
thalia,tschape,thpe
thanassis,tseng,thng
thanh,tucker,ther
thania,tufino,thno
thea,tullo,thlo
theda,tung,thng
theodore,turcotte,thte
theresa,turino,thno
therese,turken,then
thibaut,turnage,thge
thierry,turner,ther
third,tyquin,thin
thomas,tyson,thon
thorbjoern,ufberg,thrg
thorsten,uhrig,thig
thu,ujvari,thri
thue,ulises,thes
tiff,umhoefer,tier
tiffany,unda,tida
tiffeani,under,tier
tilo,underwood,tiod
tily,unter,tier
tim,unwalla,tila
timothy,urban,tian
timur,uribe,tibe
tina,urtiaga,tiga
tine,urzyu,tiyu
ting,ustaran,tian
tip,v.v.t.c.,tic.
tips,vaden,tien
tirma,vahaviolos,tios
tisha,valdes,ties
toallas,valdevenito,toto
tobi,valdez,toez
tobias,valdivia,toia
tobie,valenti,toti
toby,valentina,tona
todavia,valentine,tone
todd,valerio,toio
tolin,valinoti,toti
tom,valle,tole
tomas,valleau,toau
toni,van,toan
tony,vanburen,toen
tonya,vanden,toen
tooner,vanderhoop,toop
tootsie,vanderploeg,toeg
tori,vanessa,tosa
tour,vanos,toos
touriya,vanroten,toen
trabajos,vara,trra
trabando,vargas,tras
trace,varma,trma
tracey,vartoukian,tran
traci,vasileff,trff
tracie,vasquez,trez
tracy,vazar,trar
tracye,vazquez,trez
tranta,veall,trll
travis,vecerril,tril
trefor,vedel,trel
trenton,vega,trga
tressa,vela,trla
trev,velasquez,trez
trevor,veley,trey
treweek,velez,trez
tricia,velázquez,trez
trina,vendido,trdo
trinity,vendruscolo,trlo
trish,venegas,tras
trisha,venezia,tria
trista,venta,trta
tristram,ventas,tras
troy,venzor,tror
tré,verdicchio,trio
tulik,verdu,tudu
tulin,vernau,tuau
tulip,veronica,tuca
tuongvy,vesole,tule
twyla,veson,twon
tydeman,via,tyia
tye,vialpando,tydo
tyler,vicencio,tyio
tyra,viciedo,tydo
tyrone,vicky,tyky
tzipora,victoria,tzia
ula,vidal,ulal
ulises,videla,ulla
ullises,video,uleo
ulrika,videomaker,uler
ulrike,vides,ules
ulrikke,vidot,ulot
una,vieira,unra
unders,viggiani,unni
urban,vignola,urla
urlich,villa,urla
ursina,villalobos,uros
ursula,villanueva,urva
usiel,villaseñor,usor
uvljv,vilspoell,uvll
uziel,virguez,uzez
uzma,virlas,uzas
vaernewyck,visconti,vati
vagram,vise,vase
vahe,viseppo,vapo
vainius,vital,vaal
vaishali,viu,vaiu
val,viviana,vana
valentina,vizconde,vade
valentine,vogel,vael
valeri,voisin,vain
valeria,volent,vant
valeriaa,voltaire,vare
valerie,von,vaon
valeriya,vonsaher,vaer
valiance,vurnbrand,vand
van,wade,vade
vandorsselaer,wagner,vaer
vanesa,wait,vait
vanessa,wak,vaak
varam,walk,valk
vartan,walker,vaer
ved,walkin,vein
veida,walking,veng
velina,walkins,vens
venkata,wall,vell
venta,wallace,vece
ventas,wallen,veen
venture,walsh,vesh
vera,walta,veta
verena,walter,veer
veritl,walters,vers
veronia,walton,veon
veronica,wang,veng
veronik,wapinski,veki
vesi,wapman,vean
via,warat,viat
viaadventures,ward,vird
viaventure,ware,vire
vibeke,warman,vian
vicente,warner,vier
vichelle,warren,vien
vicki,warwick,vick
vicky,wassong,ving
victor,watkin,viin
victoria,watkins,vins
victorino,watson,vion
vieto,watts,vits
vignau,wayans,vins
vijay,waymouth,vith
viki,wayne,vine
vikki,webb,vibb
villa,webber,vier
villamon,weber,vier
vincell,webster,vier
vincent,weege,vige
vinita,weeks,viks
vinny,wegner,vier
violaine,weidemnan,vian
violen,weinberg,virg
violoncella,weinger,vier
vip,weinstein,viin
virgi,weir,viir
virgini,weisenthal,vial
virginia,weisman,vian
viridiana,weiss,viss
visitor,welch,vich
vit,wells,vils
vitorio,welsh,vish
vittoria,wendel,viel
vittorio,wendy,vidy
viven,werner,vier
vivi,werring,ving
vivia,wertman,vian
vivian,wescoat,viat
viviana,wessel,viel
vivien,west,vist
vivienne,westin,viin
vjeffrey,westphal,vjal
vlada,westveer,vler
vladimir,wetherell,vlll
vlastimil,wexler,vler
votech,weyn,voyn
vyda,whelan,vyan
wael,white,wate
wak,whitehead,waad
wal,whitelaw,waaw
walcot,whiteman,waan
waldell,whiterobbinson,waon
walk,whiteside,wade
walker,whitney,waey
walkin,wiggins,wans
walking,wilansky,waky
wall,wilburn,warn
wallace,wild,wald
wallk,wilder,waer
walter,wiley,waey
walterio,wilfred,waed
walton,wilkins,wans
wanda,wilks,waks
wang,will,wall
wardley,william,waam
wardrobe,williams,wams
warn,williem,waem
warneke,willis,wais
warnett,willstein,wain
warren,wilma,wama
waser,wilson,waon
watson,winfree,waee
wayne,wingo,wago
weingraber,winhold,weld
welch,winkler,weer
wen,winner,weer
wendy,winslow,weow
werner,winter,weer
wes,wirsing,weng
wesley,wish,wesh
west,with,weth
whai,woehlke,whke
wheatley,wojcik,whik
whitnee,wojnowich,whch
whitney,wolf,whlf
whittaker,wolfe,whfe
wife,wolfson,wion
wight,wong,wing
wii,wood,wiod
wilber,woodard,wird
wilkie,woods,wids
will,woody,widy
willem,woolley,wiey
william,wouter,wier
williams,wozniak,wiak
willian,wren,wien
wilson,wright,wiht
wlk,wulfers,wlrs
wolfgang,wung,wong
woods,wöge,woge
wren,xavier,wrer
wright,xieveria,wria
wyatt,yael,wyel
wylie,yaffe,wyfe
xasmin,yaga,xaga
xavier,yam,xaam
ximena,yan,xian
xomara,yates,xoes
xuan,yazici,xuci
yabiku,yeruko,yako
yadi,yoder,yaer
yadira,yoga,yaga
yael,york,yark
yahir,you,yaou
yam,youchen,yaen
yamel,youelles,yaes
yamila,young,yang
yamile,yui,yaui
yamuna,yun,yaun
yanais,yunes,yaes
yane,yusupova,yava
yaneli,zabala,yala
yanie,zabel,yael
yanik,zacarias,yaas
yannick,zacharias,yaas
yanya,zachary,yary
yareni,zahedi,yadi
yazmin,zahorsky,yaky
yeliz,zaitz,yetz
yer,zajdman,yean
yeraldine,zakresi,yesi
yessica,zakreski,yeki
yev,zaldivar,year
yeva,zamani,yeni
yifei,zambrano,yino
yigit,zamora,yira
yimi,zamorano,yino
yin,zamudio,yiio
ying,zandri,yiri
yoana,zapata,yota
yoga,zaragoza,yoza
yohara,zarr,yorr
yolanda,zarzur,your
yonatan,zavala,yola
yonos,zazueta,yota
yossi,zdarsky,yoky
youmna,zehbrauskas,yoas
yovana,zeifman,yoan
yozune,zeitoun,youn
yuko,zelin,yuin
yulan,zeljazkow,yuow
yury,zemke,yuke
yuval,zenor,yuor
yuvi,zetina,yuna
yvan,zhang,yvng
yvette,zhubi,yvbi
yvonne,zijada,yvda
zach,zimmerman,zaan
zachary,zinat,zaat
zack,zindros,zaos
zackery,zisman,zaan
zak,zoe,zaoe
zayan,zohrenejad,zaad
zeinab,zolt,zelt
zena,zornes,zees
zhao,zuart,zhrt
zoe,zubiran,zoan
zohe,zugasti,zoti
zoi,zulijani,zoni
zou,zulkowski,zoki
zsuzsanna,zundel,zsel
zuleica,zuniga,zuga
zuzana,zurilla,zula